svg,icon,link,title,not_modal
deep-seafloor,benthic-invertebrates,modals/deep-seafloor_benthic-invertebrates.html,Benthic invertebrates,F
deep-seafloor,corals-sponges,modals/deep-seafloor_corals-sponges.html,Deep sea corals and sponges,F
deep-seafloor,crabs-shrimps,modals/deep-seafloor_crabs-shrimps.html,Crabs and shrimp,F
deep-seafloor,flatfishes,modals/deep-seafloor_flatfishes.html,Flatfishes,F
deep-seafloor,green-sturgeon,modals/deep-seafloor_green-sturgeon.html,Green sturgeon,F
deep-seafloor,groundfish-assemblage,modals/deep-seafloor_groundfish-assemblage.html,Groundfish assemblage,F
deep-seafloor,nis,modals/deep-seafloor_nis.html,Non-indigenous species,F
deep-seafloor,rockfishes,modals/deep-seafloor_rockfishes.html,Rockfishes,F
deep-seafloor,roundfishes,modals/deep-seafloor_roundfishes.html,Roundfishes,F
deep-seafloor,sharks-rays,modals/deep-seafloor_sharks-rays.html,Sharks and rays,F
human-connections,aquaculture,modals/human-connections_aquaculture.html,Aquaculture,F
human-connections,contaminants,modals/human-connections_contaminants.html,Contaminants,F
human-connections,education-engagement,modals/human-connections_education-engagement.html,Education and engagement,F
human-connections,energy,modals/human-connections_energy.html,Energy,F
human-connections,harvest,modals/human-connections_harvest.html,Harvest,F
human-connections,heritage,modals/human-connections_heritage.html,Heritage,F
human-connections,marine-debris,modals/human-connections_marine-debris.html,Marine debris,F
human-connections,military-activity,modals/human-connections_military-activity.html,Military activity,F
human-connections,nonconsumptive-recreation,modals/human-connections_nonconsumptive-recreation.html,Non-consumptive recreation,F
human-connections,ocean-sound,modals/human-connections_ocean-sound.html,Ocean sound,F
human-connections,science,modals/human-connections_science.html,Science,F
human-connections,seafloor-disturbance,modals/human-connections_seafloor-disturbance.html,Seafloor disturbance,F
human-connections,sense-place,modals/human-connections_sense-place.html,Sense of place,F
human-connections,spills-discharges,modals/human-connections_spills-discharges.html,Spills and discharges,F
human-connections,vessels,modals/human-connections_vessels.html,Vessels,F
human-connections,wildlife-health,modals/human-connections_wildlife-disturbance.html,Wildlife disturbance,F
index,deep_seafloor,deep-seafloor.html,Deep Seafloor,T
index,human-connections,human-connections.html,Human Connections,T
index,kelp_forest,kelp-forest.html,Kelp Forest,T
index,climate-ocean,ocean-climate.html,Ocean Climate,T
index,pelagic,pelagic.html,Pelagic,T
index,rocky_shore,rocky-shore.html,Rocky Shore,T
index,sandy_beach,sandy-beach.html,Beaches,T
index,sandy_seafloor,sandy-seafloor.html,Sandy Seafloor,T
kelp-forest,benthic-invertebrates,modals/kelp-forest_benthic-invertebrates.html,Benthic invertebrates,F
kelp-forest,fish-assemblage,modals/kelp-forest_fish-assemblage.html,Fish assemblage,F
kelp-forest,kelp-canopy,modals/kelp-forest_kelp-canopy.html,Kelp canopy,F
kelp-forest,rock-cover,modals/kelp-forest_rock-cover.html,Rock cover,F
kelp-forest,sea-otters,modals/kelp-forest_sea-otters.html,Sea otters,F
kelp-forest,sea-stars,modals/kelp-forest_sea-stars.html,Sea stars,F
kelp-forest,sea-urchins,modals/kelp-forest_sea-urchins.html,Sea urchins,F
kelp-forest,understory-algae,modals/kelp-forest_understory-algae.html,Understory algae,F
ocean-climate,dissolved-oxygen,modals/ocean-climate_dissolved-oxygen.html,Dissolved oxygen,F
ocean-climate,nutrients-phytoplankton,modals/ocean-climate_nutrients-phytoplankton.html,Nutrients and phytoplankton,F
ocean-climate,ocean-acidification,modals/ocean-climate_ocean-acidification.html,Ocean acidification,F
ocean-climate,oceanographic-index,modals/ocean-climate_oceanographic-index.html,Oceanographic Indexes,F
ocean-climate,physical_processes,modals/ocean-climate_physical-processes.html,Physical processes,F
ocean-climate,temperature,modals/ocean-climate_temperature.html,Temperature,F
ocean-climate,water_chemistry,modals/ocean-climate_water-chemistry.html,Water chemistry,F
pelagic,cetaceans,modals/pelagic_cetaceans.html,Cetaceans,F
pelagic,eulachon,modals/pelagic_eulachon.html,Eulachon,F
pelagic,forage-fish,modals/pelagic_forage-fish.html,Forage fish,F
pelagic,humboldt-squid,modals/pelagic_humboldt-squid.html,Humboldt squid,F
pelagic,krill,modals/pelagic_krill.html,Krill,F
pelagic,larvae-zooplankton,modals/pelagic_larvae-zooplankton.html,Larvae and zooplankton,F
pelagic,leatherback,modals/pelagic_leatherback.html,Leatherback turtle,F
pelagic,midwater-rockfishes,modals/pelagic_midwater-rockfishes.html,Midwater rockfish,F
pelagic,nis,modals/pelagic_nis.html,Non-indigenous species,F
pelagic,pacific-hake,modals/pelagic_pacific-hake.html,Pacific hake (whiting),F
pelagic,pinnipeds,modals/pelagic_pinnipeds.html,Pinnipeds,F
pelagic,salmon,modals/pelagic_salmon.html,Salmon,F
pelagic,seabirds,modals/pelagic_seabirds.html,Seabirds,F
pelagic,srkw,modals/pelagic_srkw.html,Southern resident killer whale,F
rocky-shore,barnacles,modals/rocky-shore_barnacles.html,Barnacles,F
rocky-shore,black-oystercatcher,modals/rocky-shore_black-oystercatcher.html,Black oystercatcher,F
rocky-shore,colonial-seabirds,modals/rocky-shore_colonial-seabirds.html,Colonial seabirds,F
rocky-shore,invertebrate-diversity,modals/rocky-shore_invertebrate-diversity.html,Invertebrate diversity,F
rocky-shore,macroalgae-surfgrass,modals/rocky-shore_macroalgae-surfgrass.html,Algae and surfgrass,F
rocky-shore,mussels,modals/rocky-shore_mussels.html,Mussels,F
rocky-shore,nis,modals/rocky-shore_nis.html,Non-indigenous species,F
rocky-shore,ochre-star,modals/rocky-shore_ochre-star.html,Ochre stars,F
rocky-shore,pinnipeds,modals/rocky-shore_pinnipeds.html,Seals and sealions,F
sandy-beach,advisories-closures,modals/sandy-beach_advisories-closures.html,Beach advisories,F
sandy-beach,beach-wrack,modals/sandy-beach_beach-wrack.html,Beach wrack,F
sandy-beach,nis,modals/sandy-beach_nis.html,Non-indigenous species,F
sandy-beach,olive-snails,modals/sandy-beach_olive-snails.html,Olive snails,F
sandy-beach,razor-clams,modals/sandy-beach_razor-clams.html,Pacific razor clam,F
sandy-beach,shellfish-closures,modals/sandy-beach_shellfish-closures.html,Shellfish closures,F
sandy-beach,shorebirds,modals/sandy-beach_shorebirds.html,Shorebirds,F
sandy-beach,surfzone-fish,modals/sandy-beach_surfzone-fish.html,Surfzone fish,F
sandy-seafloor,dungeness-crab,modals/sandy-seafloor_dungeness-crab.html,Dungeness crab,F
sandy-seafloor,flatfishes,modals/sandy-seafloor_flatfishes.html,Flatfishes,F
sandy-seafloor,forage-fish,modals/sandy-seafloor_forage-fish.html,Forage fish,F
sandy-seafloor,sea-otters,modals/sandy-seafloor_sea-otters.html,Sea otters,F
