...1,link,tab_group,tab,image_link,caption,monitoring_title,monitoring_link,data_title,data_link,comments,Images Needed,interactive_possible
benthic-invertebrates,deep-seafloor_benthic-invertebrates.html,NA,Trends - Sunflower star,https://drive.google.com/file/d/1u_-SA9OSjFUOuxzKs5ESUZCmnv-i0xCg/view?usp=sharing,Average weight (biomass) of sunflower star *Pycnopodia helianthoides* in deep offshore trawls (55 to 1280 m) off Washington from 2004 to 2016 with 95% confidence interval in light blue. Gray line marks the year 2013 for comparison with onset of Seastar Wasting Disease. The number of trawls per year are shown in the top of each plot. Data Source: NOAA Fisheries; Image: Harvell et al. 2019,U.S. West Coast Groundfish Bottom Trawl Survey,https://www.fisheries.noaa.gov/west-coast/science-data/us-west-coast-groundfish-bottom-trawl-survey,Harvell et al. 2019,https://doi.org/10.1126/sciadv.aau7042,NA,NA,NA
corals-sponges,deep-seafloor_corals-sponges.html,NA,Trends - Abundance,NA,"Data not yet available, but we hope to include information soon.",NA,NA,NA,NA,Not in report - seems we should keep and link to something. Maybe a map from the deep sea coral and sponge data base https://www.ncei.noaa.gov/maps/deep-sea-corals/mapSites.htm,NA,NA
crabs-shrimps,deep-seafloor_crabs-shrimps.html,NA,Trends - Dungeness crab,https://drive.google.com/file/d/1p9813RaTBstdeN1v4mEHWnFaBFvFblU5/view?usp=sharing,"Log catch per unit effort for Dungeness crab (*Cancer magister*) from scientific surveys from 2003–2019 in OCNMS at 55–1280 m depths (offshore). The black dot (●) indicates that the 10-year mean (2010–2019) is within one standard deviation of the long-term mean, and there was an increasing trend (indicated by arrow ↗) for the last 10 years. The dashed line is the long-term mean and solid blue lines are ±1 standard deviation. Because NOAA Fisheries sampling is conducted offshore, it does not provide abundance estimates for the nearshore Dungeness crab populations frequently targeted by tribal fishers. For this reason, companion data describing nearshore catch <55 m are provided in Figure S.LR.13.4. Source: CCIEA, 2021; Image: G. Williams/NOAA.",U.S. West Coast Groundfish Bottom Trawl Survey,https://www.fisheries.noaa.gov/west-coast/science-data/us-west-coast-groundfish-bottom-trawl-survey,FRAM Data Warehouse,https://www.fisheries.noaa.gov/resource/data/fishery-resource-analysis-and-monitoring-division-fram-data-warehouse,NA,NA,NA
NA,deep-seafloor_flatfishes.html,NA,Trends - All flatfishes,https://drive.google.com/file/d/1w0Yd4gqNqj6HTeBudgh9Arr8i-9sTP_i/view?usp=sharing,"Log catch per unit effort from scientific bottom trawling for flatfish from 2003–2019 in OCNMS. Data are from coastwide bottom trawl surveys conducted by NWFSC for groundfish stock assessments. The black dot (●) indicates that the 10-year mean (2010–2019, shaded in blue) is within one standard deviation compared to the long-term mean.The horizontal arrow (→) indicates no change in the 10-year trend. Source: CCIEA, 2021; Image: G. Williams/NOAA",U.S. West Coast Groundfish Bottom Trawl Survey,https://www.fisheries.noaa.gov/west-coast/science-data/us-west-coast-groundfish-bottom-trawl-survey,FRAM Data Warehouse,https://www.fisheries.noaa.gov/resource/data/fishery-resource-analysis-and-monitoring-division-fram-data-warehouse,NA,NA,NA
green-sturgeon,deep-seafloor_green-sturgeon.html,NA,Trends - Abundance,NA,"Data not yet available, but we hope to include information soon.",NA,NA,NA,NA,Not in report; we could note that this species is currently the subject of a 5-year review by NOAA Fisheries so new status information may be available soon. https://www.fisheries.noaa.gov/action/initiation-5-year-reviews-eulachon-yelloweye-rockfish-bocaccio-and-green-sturgeon,NA,NA
groundfish-assemblage,deep-seafloor_groundfish-assemblage.html,NA,Trends - Abundance,https://drive.google.com/file/d/1LkCIxj1CDRG8aU_QqLi_3HE_-84dUsWF/view?usp=sharing,"Log catch per unit effort for groundfish, including rockfish, flatfish, roundfish, and sharks/skates, from 2003–2019 in OCNMS. Data are from coastwide bottom trawl surveys conducted by NWFSC for groundfish stock assessments. The black dot (●) indicates that the 10-year mean (2010–2019, shaded in blue) is within one standard deviation of the long-term mean, and the horizontal arrow (→) indicates no change in the  10-year trend. The dashed line is the long-term mean and solid blue lines are ±1 standard deviation. Source: CCIEA, 2021; Image: G. Williams/NOAA.",U.S. West Coast Groundfish Bottom Trawl Survey,https://www.fisheries.noaa.gov/west-coast/science-data/us-west-coast-groundfish-bottom-trawl-survey,FRAM Data Warehouse,https://www.fisheries.noaa.gov/resource/data/fishery-resource-analysis-and-monitoring-division-fram-data-warehouse,NA,NA,NA
groundfish-assemblage,deep-seafloor_groundfish-assemblage.html,NA,Trends - Species density,https://drive.google.com/file/d/11LvXZ2mQ5RwjnTQAdFnf78pcJwQkaFW0/view?usp=sharing,"Species density for groundfish from NOAA Fisheries scientific bottom trawl surveys inside OCNMS through 2019. The black dots (●) indicate that 10-year means (2010–2019, shaded in blue) are within one standard deviation of the long-term mean, and the horizontal (→) arrow indicates the 10-year trend. The dashed line is the long-term mean and solid blue lines are ±1 standard deviation. Source: CCIEA, 2021; Image: G. Williams/NOAA.",U.S. West Coast Groundfish Bottom Trawl Survey,https://www.fisheries.noaa.gov/west-coast/science-data/us-west-coast-groundfish-bottom-trawl-survey,FRAM Data Warehouse,https://www.fisheries.noaa.gov/resource/data/fishery-resource-analysis-and-monitoring-division-fram-data-warehouse,NA,NA,NA
groundfish-assemblage,deep-seafloor_groundfish-assemblage.html,NA,Trends - Species diversity,https://drive.google.com/file/d/1IExsRHWx3MJtyktB3oqQWkmDd9fQmhfT/view?usp=sharing,"Simpson’s diversity index for groundfish from NOAA Fisheries scientific bottom trawl surveys inside OCNMS through 2019. The black dots (●) indicate that 10-year means (2010–2019, shaded in blue) are within one standard deviation of the long-term mean, and the declining (↘) arrow indicates the 10-year trend. The dashed line is the long-term mean and solid blue lines are ±1 standard deviation. Source: CCIEA, 2021; Image: G. Williams/NOAA.",U.S. West Coast Groundfish Bottom Trawl Survey,https://www.fisheries.noaa.gov/west-coast/science-data/us-west-coast-groundfish-bottom-trawl-survey,FRAM Data Warehouse,https://www.fisheries.noaa.gov/resource/data/fishery-resource-analysis-and-monitoring-division-fram-data-warehouse,NA,NA,NA
groundfish-assemblage,deep-seafloor_groundfish-assemblage.html,NA,Trends - Species richness,https://drive.google.com/file/d/1_pJMYLWIr29IhnHpf77wP6tKvxkF9t2q/view?usp=sharing,"Species richness for groundfish from NOAA Fisheries scientific bottom trawl surveys inside OCNMS through 2019. The black dots (●) indicate that 10-year means (2010–2019, shaded in blue) are within one standard deviation of the long-term mean, and the declining (↘) arrow indicates the 10-year trend. The dashed line is the long-term mean and solid blue lines are ±1 standard deviation. Source: CCIEA, 2021; Image: G. Williams/NOAA.",U.S. West Coast Groundfish Bottom Trawl Survey,https://www.fisheries.noaa.gov/west-coast/science-data/us-west-coast-groundfish-bottom-trawl-survey,FRAM Data Warehouse,https://www.fisheries.noaa.gov/resource/data/fishery-resource-analysis-and-monitoring-division-fram-data-warehouse,NA,NA,NA
nis,deep-seafloor_nis.html,NA,Trends - Abundance,NA,"Data not yet available, but we hope to include information soon.",NA,NA,NA,NA,No data in report; we could include a blurb that NIS are not known to be a problem in this habitat,NA,NA
rockfishes,deep-seafloor_rockfishes.html,NA,Trends - All rockfish,https://drive.google.com/file/d/1nWMsOJr-7O_e0_fZAdkv4IMW8FXxOsDu/view?usp=sharing,"Log catch per unit effort for rockfish inside OCNMS from 2003–2019. Data from from coastwide bottom trawl surveys conducted by NWFSC for groundfish stock assessments. The black dot (●) indicates that the 10-year mean (shaded in blue) is within 1 standard deviation of the long term mean. The horizontal arrow  (→) indicates no change in the 10-year trend. The dashed line is the long-term mean and solid blue lines are ±1 standard deviation. Source: NWFSC, 2018; CCIEA, 2021; Image: G. Williams/NOAA.",U.S. West Coast Groundfish Bottom Trawl Survey,https://www.fisheries.noaa.gov/west-coast/science-data/us-west-coast-groundfish-bottom-trawl-survey,FRAM Data Warehouse,https://www.fisheries.noaa.gov/resource/data/fishery-resource-analysis-and-monitoring-division-fram-data-warehouse,NA,NA,NA
rockfishes,deep-seafloor_rockfishes.html,NA,Trends - Bocaccio,https://drive.google.com/file/d/1nQ_onqRzTXAxQXuGP7T_pi52_2r1C0kR/view?usp=sharing,"Log catch per unit effort from scientific bottom trawling for bocaccio *Sebastes paucispinis* from 2003–2019 in OCNMS. Data are from coastwide bottom trawl surveys conducted by NWFSC for groundfish stock assessments. The black dot (●) indicates that the 10-year mean (2010–2019, shaded in blue) is within one standard deviation of the long-term mean. The upward arrow ( ↗) indicates an increasing 10-year trend. Source: CCIEA, 2021; Image: G. Williams/NOAA.",U.S. West Coast Groundfish Bottom Trawl Survey,https://www.fisheries.noaa.gov/west-coast/science-data/us-west-coast-groundfish-bottom-trawl-survey,FRAM Data Warehouse,https://www.fisheries.noaa.gov/resource/data/fishery-resource-analysis-and-monitoring-division-fram-data-warehouse,NA,NA,NA
rockfishes,deep-seafloor_rockfishes.html,NA,Trends - Yelloweye rockfish,https://drive.google.com/file/d/1ea0dU_jOFUMKwpL_ayFtMLHMF_eMb4Jx/view?usp=sharing,"Log catch per unit effort from scientific bottom trawling for yelloweye rockfish *Sebastes ruberrimus* from 2003–2019 in OCNMS. Data are from coastwide bottom trawl surveys conducted by NWFSC for groundfish stock assessments. The black dot (●) indicates that the 10-year mean (2010–2019, shaded in blue) is within one standard deviation of the long-term mean.The horizontal arrow (→) indicates no change in the 10-year trend. Source: CCIEA, 2021; Image: G. Williams/NOAA.",U.S. West Coast Groundfish Bottom Trawl Survey,https://www.fisheries.noaa.gov/west-coast/science-data/us-west-coast-groundfish-bottom-trawl-survey,FRAM Data Warehouse,https://www.fisheries.noaa.gov/resource/data/fishery-resource-analysis-and-monitoring-division-fram-data-warehouse,NA,NA,NA
roundfishes,deep-seafloor_roundfishes.html,NA,Trends - All roundfish,https://drive.google.com/file/d/1EyFY4aTXh_BZBNrIQLimrLPoc2bdA0Di/view?usp=sharing,"Log catch per unit effort from scientific bottom trawling for roundfish from 2003–2019 in OCNMS. Data are from coastwide bottom trawl surveys conducted by NWFSC for groundfish stock assessments. The black dot (●) indicates that the 10-year mean (2010–2019, shaded in blue) is within one standard deviation of the long-term mean.The horizontal arrow (→) indicates no change in the 10-year trend.  Source: CCIEA, 2021; Image: G. Williams/NOAA.",U.S. West Coast Groundfish Bottom Trawl Survey,https://www.fisheries.noaa.gov/west-coast/science-data/us-west-coast-groundfish-bottom-trawl-survey,FRAM Data Warehouse,https://www.fisheries.noaa.gov/resource/data/fishery-resource-analysis-and-monitoring-division-fram-data-warehouse,NA,NA,NA
roundfishes,deep-seafloor_roundfishes.html,NA,Trends - Lingcod,https://drive.google.com/file/d/1U85IerBPlu88q8ZpfyfjY9dGllN3Kxrg/view?usp=sharing,"Log catch per unit effort from scientific bottom trawling for lingcod *Ophiodon elongatus* from 2003–2019 in OCNMS. Data are from coastwide bottom trawl surveys conducted by NWFSC for groundfish stock assessments. The black dot (●) indicates that the 10-year mean (2010–2019, shaded in blue) is within one standard deviation of the long-term mean.The  declining arrow (↘) indicates a decreasing 10-year trend. Source: CCIEA, 2021; Image: G. Williams/NOAA.",U.S. West Coast Groundfish Bottom Trawl Survey,https://www.fisheries.noaa.gov/west-coast/science-data/us-west-coast-groundfish-bottom-trawl-survey,FRAM Data Warehouse,https://www.fisheries.noaa.gov/resource/data/fishery-resource-analysis-and-monitoring-division-fram-data-warehouse,NA,NA,NA
sharks-rays,deep-seafloor_sharks-rays.html,NA,Trends - Abundance,https://drive.google.com/file/d/1tKXQXaUWX8I09Y0qWh2EYLIGfhyo9Q7b/view?usp=sharing,"Log catch per unit effort from scientific bottom trawling for sharks and skates (elasmobranchs) from 2003–2019 in OCNMS. Data are from coastwide bottom trawl surveys conducted by NWFSC for groundfish stock assessments. The black dot (●) indicates that the 10-year mean (2010–2019, shaded in blue) is within one standard deviation of the long-term mean.The horizontal arrow (→) indicates no change in the 10-year trend. Source: CCIEA, 2021; Image: G. Williams/NOAA.",U.S. West Coast Groundfish Bottom Trawl Survey,https://www.fisheries.noaa.gov/west-coast/science-data/us-west-coast-groundfish-bottom-trawl-survey,FRAM Data Warehouse,https://www.fisheries.noaa.gov/resource/data/fishery-resource-analysis-and-monitoring-division-fram-data-warehouse,NA,NA,NA
NA,human-connections_aquaculture.html,NA,NA,NA,NA,NA,NA,NA,NA,Is there anything to show for aquaculture from the report?,NA,NA
contaminants,human-connections_contaminants.html,NA,PAHs - mussels,https://drive.google.com/file/d/1crFSMq5f2X9ONzdl7B9agGUXPoBXJiKx/view?usp=sharing,"Total polycyclic aromatic hydrocarbons (PAHs) from select NOAA Mussel Watch sites in Washington state in 2006. A red arrow points to Cape Flattery, the only mussel watch site in OCNMS. Source: NOAA; Image: A. Mearns/NOAA.",NA,NA,NA,NA,NA,NA,NA
contaminants,human-connections_contaminants.html,NA,POPs - prey fish,https://drive.google.com/file/d/1yAGMHirCmgcRlAcEiNM6CHa0ZH5LdAHk/view?usp=sharing,"Concentration of PCBs (left) and DDTs (dichloro-diphenyl-trichloroethane and five others; right) in fish collected from rhinoceros auklets on (a) Protection Island (PI), (b) Tatoosh Island (TI), and (c) Destruction Island (DI) breeding colonies. Prey fish include Pacific sand lance (SAND), Pacific herring (HERR), surf smelt (SURF), Northern anchovy (ANCH), chum salmon (CHUM), and Chinook salmon (CHIN). Letters above whiskers denote significant post hoc differences among species using Bonferroni tests. Image: Good et al., 2014.",NA,NA,NA,NA,NA,NA,NA
education-engagement,human-connections_education-engagement.html,NA,Trends - B-WET program,NA,"Bay Watershed Education and Training ( B-WET) funding, 2012–2019. Normal funding dollars are values not adjusted for inflation. Source: J. Laverdure, personal communication, April 20, 2020",Bay Watershed Education and Training,https://www.noaa.gov/office-education/bwet,NA,NA,NA,Need Figure ES.E.2,NA
education-engagement,human-connections_education-engagement.html,NA,Trends - Facebook post reach,NA,"Total reach for OCNMS Facebook page. Source: E. Weinberg, personal communication, April 20, 2020",NA,NA,NA,NA,NA,Need Figure ES.E.4,NA
education-engagement,human-connections_education-engagement.html,NA,Trends - Impressions per tweet,NA,"Impressions (total tally of all the times a tweet has been seen) by tweet for OCNMS Twitter account. Source: E. Weinberg, personal communication, April 20, 2020",NA,NA,NA,NA,NA,Need Figure ES.E.5,NA
education-engagement,human-connections_education-engagement.html,NA,Trends - Ocean Guardian program,NA,"Number of participating Ocean Guardian schools and amount of funding for the Ocean Guardian School Program in Washington and Oregon. Source: J. Laverdure, personal communication, April 20, 2020",Ocean Guardian School Program,https://sanctuaries.noaa.gov/education/ocean_guardian/,NA,NA,NA,Need Figure ES.E.1,NA
education-engagement,human-connections_education-engagement.html,NA,Trends - Volunteer activity,NA,"The number of volunteers and volunteer hours contributed toward OCNMS educational and community science efforts from 2008 to 2019. While the number of volunteers and volunteer hours focused on education remain high, volunteer contributions to science decreased following discontinuation of marine debris program funding. Image: C. Butler-Minor",NA,NA,NA,NA,NA,Need Figure ES.E.6,NA
NA,human-connections_energy.html,NA,NA,NA,NA,NA,NA,NA,NA,Is there anything to show for energy from the report?,NA,NA
harvest,human-connections_harvest.html,NA,"Fishing, personal use",https://drive.google.com/file/d/1k6us49td_sazW6nzWcvhX4Br3VoAMAWl/view?usp=sharing,"Reasons fishers reported keeping catch for personal use. Source: Poe, 2019.",NA,NA,NA,NA,NA,NA,NA
harvest,human-connections_harvest.html,NA,Top 12 species by landings and $,NA,Top twelve species categories by pounds landed and ex-vessel value (2018$). (These graphs do not include all fisheries landing data.) Source: WDFW.,Washington Department of Fish and Wildlife,https://wdfw.wa.gov,NA,NA,NA,link is to shared drive at HQ: \\aamb-s-clust01\Shared_Data\ONMS\Socioeconomic\Olympic Coast NMS\Condition Report 2019\Final Excel Files with Graphs for CR June 2021,NA
harvest,human-connections_harvest.html,NA,Top 5 species by $,NA,"Top five species categories by ex-vessel value, 2008–2018. (This graph does not include all fisheries landing data.) Source: WDFW.",Washington Department of Fish and Wildlife,https://wdfw.wa.gov,NA,NA,NA,link is to shared drive at HQ: \\aamb-s-clust01\Shared_Data\ONMS\Socioeconomic\Olympic Coast NMS\Condition Report 2019\Final Excel Files with Graphs for CR June 2021,NA
harvest,human-connections_harvest.html,NA,Top 5 species by weight,NA,"Top five species categories by weight, 2008–2018. (This graph does not include all fisheries landing data.) Source: WDFW.",Washington Department of Fish and Wildlife,https://wdfw.wa.gov,NA,NA,NA,link is to shared drive at HQ: \\aamb-s-clust01\Shared_Data\ONMS\Socioeconomic\Olympic Coast NMS\Condition Report 2019\Final Excel Files with Graphs for CR June 2021,NA
harvest,human-connections_harvest.html,NA,Trends - Black rockfish retained,NA,"Quantity of black rockfish kept for charter and private boats in statistical areas 2, 3, 4, and 4B (1998–2016) (see Figure App.ES.CR.8 for map of statistical areas). Source: E. Crust/WDFW, personal communication, December 18, 2020.",Washington Department of Fish and Wildlife,https://wdfw.wa.gov,NA,NA,NA,link is to shared drive at HQ: \\aamb-s-clust01\Shared_Data\ONMS\Socioeconomic\Olympic Coast NMS\Condition Report 2019\Final Excel Files with Graphs for CR June 2021,NA
harvest,human-connections_harvest.html,NA,"Trends - Dungeness crab catch, revenue",https://drive.google.com/file/d/1MLMAs8Py-fdZl_ebl47ah63nsNS7AwCd/view?usp=sharing,"Estimated catch and revenue for Dungeness crab harvested within OCNMS. Source: WDFW, 2020.",Washington Department of Fish and Wildlife,https://wdfw.wa.gov,NA,NA,NA,NA,NA
harvest,human-connections_harvest.html,NA,Trends - Halibut biomass,https://drive.google.com/file/d/1k58FXRQhc8A3UkmoXemJaAcEhz_yzN3s/view?usp=sharing,"Biomass trends for Pacific halibut by management area. Image: IPHC, 2020.",International Pacific Halibut Commission,https://iphc.int/,IPHC 2020,https://iphc.int/uploads/pdf/am/2020am/iphc-2020-am096-09.pdf,NA,NA,NA
harvest,human-connections_harvest.html,NA,Trends - Halibut retained,NA,"Quantity of halibut kept for charter and private boats in statistical areas 2, 3, 4, and 4B (1998–2016) (see Figure App.ES.CR.8 for map of statistical areas). Source: E. Crust/WDFW, personal communication, December 18, 2020.",NA,NA,NA,NA,NA,link is to shared drive at HQ: \\aamb-s-clust01\Shared_Data\ONMS\Socioeconomic\Olympic Coast NMS\Condition Report 2019\Final Excel Files with Graphs for CR June 2021,NA
harvest,human-connections_harvest.html,NA,Trends - Kelp greenling retained,NA,"Quantity of kelp greenling kept for private boats in Statistical Areas 2, 3, 4, and 4B (1998–2016) (see Figure App.ES.CR.8 for map of statistical areas). Source: E. Crust/WDFW, personal communication, December 18, 2020.",NA,NA,NA,NA,NA,link is to shared drive at HQ: \\aamb-s-clust01\Shared_Data\ONMS\Socioeconomic\Olympic Coast NMS\Condition Report 2019\Final Excel Files with Graphs for CR June 2021,NA
harvest,human-connections_harvest.html,NA,Trends - Lingcod retained,NA,"Quantity of lingcod kept for charter and private boats in statistical areas 2, 3, 4, and 4B (1998–2016) (see Figure App.ES.CR.8 for map of statistical areas). Source: E. Crust/WDFW, personal communication, December 18, 2020.",NA,NA,NA,NA,NA,link is to shared drive at HQ: \\aamb-s-clust01\Shared_Data\ONMS\Socioeconomic\Olympic Coast NMS\Condition Report 2019\Final Excel Files with Graphs for CR June 2021,NA
harvest,human-connections_harvest.html,NA,"Trends - Revenue, salmon troll",https://drive.google.com/file/d/1cDXiotAa1xXfSmT9Toe62DDaUrJ6Cpqd/view?usp=sharing,"Total annual revenue from each species (management) group harvested by vessels in the salmon troll fleet. For criteria used to identify vessels in the salmon troll fleet, see Richerson and Holland (2017). Image: Richerson & Holland, 2017.",NA,NA,NA,NA,NA,NA,NA
harvest,human-connections_harvest.html,NA,Trends - Salmon retained,NA,"Quantity of salmon kept by private and charter boats in statistical areas 2, 3, 4, and 4B (1998–2016) (see Figure App.ES.CR.8 for map of statistical areas). Source: E. Crust/WDFW, personal communication, December 18, 2020.",NA,NA,NA,NA,NA,link is to shared drive at HQ: \\aamb-s-clust01\Shared_Data\ONMS\Socioeconomic\Olympic Coast NMS\Condition Report 2019\Final Excel Files with Graphs for CR June 2021,NA
harvest,human-connections_harvest.html,NA,Trends - Status of goundfish stocks,https://drive.google.com/file/d/1A_zUEOxSrmCreEXmBptt5HSMSTBhBADP/view?usp=sharing,"Fishing levels (as percent unfished) for overfished and rebuilt West Coast stocks from 1994 to 2019 (POP = Pacific Ocean perch). The shaded area indicates the study period for the 2008–2019 condition report. Source: NOAA Fisheries, 2021a.",NA,NA,NA,NA,NA,NA,NA
harvest,human-connections_harvest.html,NA,Trends - Tuna retained,NA,"Quantity of tuna kept for charter and private boats in statistical areas 2, 3, 4, and 4B (1998–2016) (see Figure App.ES.CR.8 for map of statistical areas). Source: E. Crust/WDFW, personal communication, December 18, 2020.",NA,NA,NA,NA,NA,link is to shared drive at HQ: \\aamb-s-clust01\Shared_Data\ONMS\Socioeconomic\Olympic Coast NMS\Condition Report 2019\Final Excel Files with Graphs for CR June 2021,NA
harvest,human-connections_harvest.html,NA,"Trends - Vessels, salmon troll fleet",https://drive.google.com/file/d/1hluBZkwxkIXNgy5jagpe0mTLT-O475v2/view?usp=sharing,"Number of vessels in the salmon troll fleet that participated in fishing, 2001–2015. For criteria used to identify vessels in the salmon troll fleet, see Richerson and Holland (2017). Image: Richerson & Holland, 2017.",NA,NA,NA,NA,NA,NA,NA
harvest,human-connections_harvest.html,NA,Trends - Whiting catch,https://drive.google.com/file/d/13Dw0qHCD943yGrkH-KBwM8FYaAh0cbwr/view?usp=sharing,"Annual catch of Pacific whiting, 2008–2019, for hauls conducted inside (orange, circles) or outside OCNMS waters (blue, squares). Dashed lines show the 2008–2019 trend for each category. Catch in OCNMS did not change during the study period, whereas catch outside OCNMS increased. Haul data were provided in GIS as straight lines using start and end coordinates. A haul was considered to have occurred in OCNMS waters if the line intersected with the OCNMS GIS boundary layer. Source: NWFSC, 2021.",NA,NA,NA,NA,NA,NA,NA
harvest,human-connections_harvest.html,NA,Trends - Yellowtail rockfish retained,NA,"Quantity of yellowtail rockfish kept for charter and private boats in statistical areas 2, 3, 4, and 4B (1998–2016) (see Figure App.ES.CR.8 for map of statistical areas). Source: E. Crust/WDFW, personal communication, December 18, 2020.",NA,NA,NA,NA,NA,link is to shared drive at HQ: \\aamb-s-clust01\Shared_Data\ONMS\Socioeconomic\Olympic Coast NMS\Condition Report 2019\Final Excel Files with Graphs for CR June 2021,NA
heritage,human-connections_heritage.html,NA,Map - Bottom trawling activity,https://drive.google.com/file/d/1ermEHg7bGrzPlthzwwV1lvQXCq6Btzxq/view?usp=sharing,"Spatial representation of seafloor contact by non-tribal bottom trawl gear from federal groundfish fisheries operating within OCNMS and nearby areas. Panel (a) shows the sum of distance trawled since 2002. Panel (b) shows the proportion of years trawled since 2002. Panel (c) shows the number of years since last trawled. Grid cells with <3 vessels operating within the time period (2002–2019) represented have been removed due to confidentiality. Source: NOAA Northwest Fisheries Science Center, Fisheries Observation Science Program; Figure: K. Andrews, NOAA/NWFSC",West Coast Groundfish Observer Program,https://www.psmfc.org/program/west-coast-groundfish-observer-program-wcgop,Pacific Fisheries Information Network (PacFIN),https://pacfin.psmfc.org/,NA,NA,NA
heritage,human-connections_heritage.html,NA,Map - Sunken vessels,https://drive.google.com/file/d/14FUaaq-gJdCCTv6ElLpzfNC6pdb_mcbI/view?usp=sharing,"Locations of confirmed, specific, and general locations of shipwrecks in OCNMS as of July 2015. Source: Washington State Department of Archaeology and Historic Preservation; Esri, GEBCO, NOAA, National Geographic, DeLarme, HERE, Geonames.org, and other contributors.",NA,NA,NA,NA,NA,NA,NA
marine-debris,human-connections_marine-debris.html,NA,Trends - Debris on beaches,https://drive.google.com/file/d/15g2LGWPZEBx4auiE1fNuYgUgJZtbMjmz/view?usp=sharing,Numbers of surveys per year and average count of marine debris items collected annually from 2008–2019. Source: NOAA; Image: C. Butler Minor/NOAA.,OCNMS Marine Debris program,https://olympiccoast.noaa.gov/protect/marinedebris/marinedebris.html,NA,NA,NA,NA,NA
NA,human-connections_military-activity.html,NA,NA,NA,NA,NA,NA,NA,NA,Is there anything to show for military activity from the report?,NA,NA
nonconsumptive-recreation,human-connections_nonconsumptive-recreation.html,NA,Map - Recreational activities,NA,"Spatial distribution of recreational activities in and adjacent to OCNMS. The green polygon represents OCNMS boundaries. Red points indicate high use, orange points indicate moderate use, and yellow points indicate low use. (a) Diving activities, including snorkeling, free diving, and scuba diving, from shore and boats. (b) Surface water activities, including boating and sailing, kayaking, kiteboarding, skimboarding, surfing, and windsurfing. (c) Shore-based activities, including beachcombing, beach driving, beach going, biking and hiking, camping, hang gliding and parasailing, horseback riding, and tide pooling. (d) Wildlife viewing and sightseeing activities, including photography, scenic drives, sightseeing, and wildlife viewing from shore and boats. Source: Washington Marine Spatial Planning, 2020",NA,NA,NA,NA,NA,Need Figure ES.NCR.1,NA
nonconsumptive-recreation,human-connections_nonconsumptive-recreation.html,NA,Trends - National Park backcountry campers,NA,"Annual number of backcountry campers at Olympic National Park, 2000–2018. Vertical red lines indicate the study period, 2008–2018. Source: National Park Service, 2020",NA,NA,NA,NA,NA,Need Figure ES.NCR.6,NA
nonconsumptive-recreation,human-connections_nonconsumptive-recreation.html,NA,Trends - National Park recreation visitors,NA,"Annual visitation at Olympic National Park, 2000–2018. Vertical red lines indicate the study period, 2008–2018. Source: National Park Service, 2020",NA,NA,NA,NA,NA,Need Figure ES.NCR.5,NA
nonconsumptive-recreation,human-connections_nonconsumptive-recreation.html,NA,Trends - Outdoor recreation visitors,NA,"Annual number of outdoor recreation visitors to Cape Flattery, 2015–2019. Source: Makah Tribe/NOAA",NA,NA,NA,NA,NA,Need Figure ES.NCR.4,NA
nonconsumptive-recreation,human-connections_nonconsumptive-recreation.html,NA,Trends - Recreational boat registrations,NA,"Number of recreational boat registrations in the state of Washington, 2006–2018. Vertical red lines indicate the study period, 2008–2018. Source: National Marine Manufacturers Association, 2019",NA,NA,NA,NA,NA,Need Figure ES.NCR.3,NA
nonconsumptive-recreation,human-connections_nonconsumptive-recreation.html,NA,Trends - Surf camp participation,NA,"Number of participants in Warm Current surf camps adjacent to OCNMS, 2011–2018. Source: Warm Current, personal communication, September 16, 2020",NA,NA,NA,NA,NA,Need Figure ES.NCR.2,NA
ocean-sound,human-connections_ocean-sound.html,NA,Maps - Sound monitoring and zoning areas,https://drive.google.com/file/d/1IReJytwWIIMK9hxI_Fzc9SdK6GKWceac/view?usp=sharing,"Map showing the overlap between OCNMS, NOAA Fisheries’ proposed critical habitat designation for Southern Resident killer whales, critical habitat for North Pacific humpback whales, and the Quinault Range Site within the U.S. Navy’s Northwest Testing and Training (NWTT) Study Area. The locations of other important sound monitoring projects conducted in and around OCNMS are also identified. Image: NOAA.",Sanctuary Sound Monitoring,https://sanctuaries.noaa.gov/science/monitoring/sound/,NA,NA,NA,NA,NA
science,human-connections_science.html,NA,Community science activities,https://drive.google.com/file/d/1bzwisl5ASSuvTzcvf2Mvw9SnxLH67Ac1/view?usp=sharing,"Between 2008 and 2019, community scientists contributed 53,913 hours toward a variety of activities. The majority (93%) of hours were associated with marine debris and beached seabird surveys (COASST/MDMAP), with the remaining 3,582 hours contributed to dive surveys, research projects, and mooring operations aboard the R/V Tatoosh. Source: NOAA; Image: C. Butler Minor",NA,NA,NA,NA,NA,NA,NA
science,human-connections_science.html,NA,Trends - Community science,https://drive.google.com/file/d/1ngq-OYD4_GoHNLZeRnotcbDT35GOCDDW/view?usp=sharing,"The number of volunteers participating in community science efforts (community scientists) and the hours of service provided have varied over the past decade. Both hours and number of community scientists have generally declined, however a pulse of activity occurred in 2014 as a result of tsunami debris monitoring. Source: NOAA; Image: C. Butler Minor",NA,NA,NA,NA,NA,NA,NA
science,human-connections_science.html,NA,Trends - Open OCNMS permits,NA,"Open OCNMS permits by year. OCNMS issues permits for otherwise prohibited activities if the proposed activity will not substantially injure sanctuary resources and qualities, and will further research related to those resources and qualities. The most commonly issued permit is for conducting research in the sanctuary. Source: NOAA",NA,NA,NA,NA,NA,Need Figure ES.S.1,NA
science,human-connections_science.html,NA,Trends - R/V Tatoosh activity,https://drive.google.com/file/d/1oCxmBY-jHYkKRvQ4j6Qjogi7Gx7fgN5s/view?usp=sharing,"The R/V *Tatoosh* operates May to October on the Olympic Coast to conduct sanctuary research and facilitate collaborator research. Vessel use data for the assessment period are presented above, including hours at sea and days at sea. Source: NOAA; Image: A. Hallingstad",NA,NA,NA,NA,NA,NA,NA
seafloor-disturbance,human-connections_seafloor-disturbance.html,NA,Map - Bottom trawling intensity,https://drive.google.com/file/d/1dGgkNN6n3qdvzXSjWJwunoI3eE2Z-Emc/view?usp=sharing,"Spatial representation of seafloor contact by non-tribal bottom trawl gear from federal groundfish fisheries operating within and near OCNMS. Panel (a) shows mean distance trawled annually from 2002 to 2017. Panel (b) shows mean distance trawled annually from 2008 to 2019. Panel (c) shows the trend in bottom trawling effort from 2008 to 2019. Grid cells with <3 vessels operating within the time period represented have been removed due to confidentiality. Cell colors in (c) indicate levels relative to the long-term mean (2002–2019) (e.g., red indicates >1 standard deviation above the mean and blue indicates >1 standard deviation below the mean). Source: NOAA Northwest Fisheries Science Center, Fisheries Observation Science Program; Figure: K. Andrews, NOAA/NWFSC",West Coast Groundfish Observer Program,https://www.psmfc.org/program/west-coast-groundfish-observer-program-wcgop,Pacific Fisheries Information Network (PacFIN),https://pacfin.psmfc.org/,NA,NA,NA
seafloor-disturbance,human-connections_seafloor-disturbance.html,NA,Maps - Submarine cables,https://drive.google.com/file/d/1qBM3Unkw6NrRQv9-3gMBEWWr0KF0nnlo/view?usp=sharing,Map showing the location of different types of submarine cables installed in the northern portion of OCNMS. Image: NOAA,NA,NA,NA,NA,NA,NA,NA
seafloor-disturbance,human-connections_seafloor-disturbance.html,NA,Trends - Bottom trawling by habitat,https://drive.google.com/file/d/1QFVDRKh8C2SzKUr5XxvND59JV7p9WPD7/view?usp=sharing,"Extent of seafloor contact among habitat types by bottom trawl gear from federal groundfish fisheries operating within the boundaries of OCNMS (2002–2019). Source: NOAA Northwest Fisheries Science Center, Fisheries Observation Science Program; Figure: K. Andrews, NOAA/NWFSC",West Coast Groundfish Observer Program,https://www.psmfc.org/program/west-coast-groundfish-observer-program-wcgop,Pacific Fisheries Information Network (PacFIN),https://pacfin.psmfc.org/,NA,Need Figure S.P.3.3.,NA
seafloor-disturbance,human-connections_seafloor-disturbance.html,NA,Trends - Total bottom trawling,https://drive.google.com/file/d/1k_DNnn8d9EQqliOsQvv4FhGid7rhcoNf/view?usp=sharing,"Seafloor contact (in thousands of kilometers) by bottom trawl gear from federal groundfish fisheries operating within the boundaries of OCNMS from 2002–2019. The dashed line is the mean distance for the entire time series and the solid horizontal lines are ±1 standard deviation of the mean. Arrow at upper right indicates there was no trend in seafloor contact from 2008 to 2019 (shaded region). Symbol at lower right (•) indicates the mean from 2008 to 2019 was within 1 standard deviation of the long-term mean. Source: NOAA Northwest Fisheries Science Center, Fisheries Observation Science Program. Figure: K. Andrews, NOAA/NWFSC",West Coast Groundfish Observer Program,https://www.psmfc.org/program/west-coast-groundfish-observer-program-wcgop,Pacific Fisheries Information Network (PacFIN),https://pacfin.psmfc.org/,NA,NA,https://www.integratedecosystemassessment.noaa.gov/regions/california-current/cc-indicator-human-activities
NA,human-connections_sense-place.html,NA,NA,NA,NA,NA,NA,NA,NA,Is there anything to show for sense of place from the report?,NA,NA
spills-discharges,human-connections_spills-discharges.html,NA,Map - At-sea fish processing discharge,https://drive.google.com/file/d/16NcE4qsY9XVtJdUjGwVYUxAoz9KcuDEr/view?usp=sharing,EPA compilation of 2019 discharges of seafood processing vessels reported by industry. Each location is a single reported daily position for days when discharges occurred (discharges occur over a larger area then shown on map). Source: EPA; Image: NOAA.,NA,NA,NA,NA,NA,NA,NA
spills-discharges,human-connections_spills-discharges.html,NA,Map - Petroleum movement,https://drive.google.com/file/d/1s3hUxVoZ_Fz9BmzOBdl3f1_BLKKU0pHq/view?usp=sharing,"Map showing movement of oil within Washington state via railroads, pipelines, vessels, and refineries. Image: Washington State Department of Ecology, 2017a",NA,NA,NA,NA,NA,NA,NA
spills-discharges,human-connections_spills-discharges.html,NA,Map - Tenyo Maru oil spill,https://drive.google.com/file/d/1k2Tv2n2y9idXjLgl-MC5VU5gQwLZGCi4/view?usp=sharing,"Approximate area impacted by 1991 Tenyo Maru Oil Spill. Image: The Tenyo Maru Oil Spill Natural Resource Trustees, 2000.",NA,NA,NA,NA,NA,NA,NA
spills-discharges,human-connections_spills-discharges.html,NA,Trends - Petroleum movement,https://drive.google.com/file/d/1wswG3iFUIvT0cBeonllt2aiCU2pGgrvN/view?usp=sharing,"Twenty billion barrels, on average, are moved through Washington state annually by vessel (blue), rail (red), and pipeline (orange). In recent years, there has been a slight decrease in oil movement by vessel and an increase in the use of rail. Image: Washington State Department of Ecology, 2017a.",NA,NA,NA,NA,NA,NA,NA
vessels,human-connections_vessels.html,NA,Map - Crushed cars lost at sea,https://drive.google.com/file/d/1M01TJnO-h7LM8e7KDVtKQqstFQyMhzBI/view?usp=sharing,Scaled map of the distribution and orientation of crushed cars located in OCNMS. Six car locations were derived from the review of video data. Symbols outlined in yellow mark the location of suspected additional cars. Image: OCNMS.,NA,NA,NA,NA,NA,NA,NA
vessels,human-connections_vessels.html,NA,Map - Vessel density,https://drive.google.com/file/d/1uZUO77oYmJT_nSt2f9-4sQX_ONk-6s8L/view?usp=sharing,"Map showing relative density of vessel traffic. Image: U.S. Department of the Navy, 2020.",NA,NA,NA,NA,NA,NA,NA
vessels,human-connections_vessels.html,NA,Map - Vessel zoning,https://drive.google.com/file/d/1QzkA-zUmQ9Q1OysFp_vBO3Hg-hfxwanR/view?usp=sharing,"Map showing the northern portion of the sanctuary relative to the entrance to the Strait of Juan de Fuca, international shipping lanes and traffic separation schemes, and the Area to be Avoided designated by the IMO to reduce risks to the Olympic Coast from vessels over 400 gross tons. Image: T. Reyer/NOAA.",NA,NA,NA,NA,NA,NA,NA
vessels,human-connections_vessels.html,NA,Trends - Cruise passengers,https://drive.google.com/file/d/14gkHLiaO_1pBtTfZ2J7X1cKtq8zXsD0U/view?usp=sharing,"Passenger embarkments, disembarkments, and in-transit stops at the Port of Seattle, 2000–2019. Image: Port of Seattle, 2019.",NA,NA,NA,NA,NA,NA,NA
vessels,human-connections_vessels.html,NA,Trends - Vessel groundings/sinkings,https://drive.google.com/file/d/1j8fdBGsxpdA9WDTdtsgU_sduYcAbXxEw/view?usp=sharing,"Number of documented lost vessels in or near OCNMS by vessel type and by year. Image: Galasso, 2017.",NA,NA,NA,NA,NA,NA,NA
vessels,human-connections_vessels.html,NA,Trends - Vessel transits,https://drive.google.com/file/d/1flhJXA1gRr9EK4YTTgT8nQcG6tA--Dlq/view?usp=sharing,"Number of inbound vessel transits to the Strait of Juan de Fuca, including cargo and passenger vessels 300 gross tons and larger, and tank ships and tank barges (transporting oil) of any tonnage, from 2008–2019. Data collected from 2008–2019 demonstrate an overall 7% increase in vessel entries and transits, with a 13% increase in cargo and passenger vessel transits and a 24% decrease in tank ships. Source: Washington State Department of Ecology, 2020.",Washington State Department of Ecology,https://ecology.wa.gov/,Vessel Entries And Transits (VEAT) Reports,https://apps.ecology.wa.gov/publications/UIPages/PublicationList.aspx?IndexTypeName=Topic&NameValue=Vessel+Entries+And+Transits+(VEAT)+Reports+for+Washington+Waters&DocumentTypeName=Publication,NA,Need Figure S.P.2.2.,NA
deep_seafloor,human-connections_wildlife-disturbance.html,NA,Map - Entangled whales,https://drive.google.com/file/d/1fIqSyjH1YpALboW94uUN7CT4VLwuDck4/view?usp=sharing,"Factors that contribute to changes in the frequency of whale entanglements along the West Coast. Image: Santora et al., 2020.",West Coast Marine Mammal Stranding Network,https://www.fisheries.noaa.gov/west-coast/marine-mammal-protection/west-coast-marine-mammal-stranding-network,NA,NA,NA,NA,NA
deep_seafloor,human-connections_wildlife-disturbance.html,NA,Trend - Entangled whales,https://drive.google.com/file/d/12TOmOKWGU1mtjc3-diqH9E6KRPHk7TSS/view?usp=sharing,"Whale entanglements on the West Coast, in Washington state, and adjacent to Clallam, Jefferson, and Grays Harbor counties (considered to be representative of the OCNMS area). Source: NOAA West Coast Marine Mammal Stranding Network.",West Coast Large Whale Entanglement Response Program,https://www.fisheries.noaa.gov/west-coast/marine-mammal-protection/west-coast-large-whale-entanglement-response-program,NA,NA,NA,NA,NA
human-connections,kelp-forest_benthic-invertebrates.html,NA,Trends - Benthic Invertebrates,NA,"Data not yet available, but we hope to include information soon.",NA,NA,NA,NA,Not in report,NA,NA
human-connections,kelp-forest_fish-assemblage.html,NA,Trends - Black rockfish,https://drive.google.com/file/d/1gFf_xFZjrTP5gHQwI06Bpud5slJmZC1g/view?usp=sharing,"Average abundance of black rockfish (*Sebastes melanops*) from 2015–2019 at 5 m (top) and 10 m (bottom) depths for Destruction Island to Neah Bay, Washington. The average abundance black rockfish at all sampling sites was variable at both depths over time. Source: NOAA-NWFSC; Image: G. Williams/NOAA.",OCNMS Kelp forest monitoring,https://www.webapps.nwfsc.noaa.gov/apex/f?p=158:1::::,NOAA Fisheries Kelp Forest Monitoring Data,https://www.webapps.nwfsc.noaa.gov/apex/f?p=158:10::::::,NA,NA,NA
human-connections,kelp-forest_fish-assemblage.html,NA,Trends - Striped surfperch,https://drive.google.com/file/d/1HTuooAQZ40m7xavuMCSP5Ru_XAcMJ99G/view?usp=sharing,"Average abundance of striped surfperch (*Embiotoca lateralis*) from 2015–2019 at 5 m (top) and 10 m (bottom) depths for Destruction Island to Neah Bay, Washington. Striped surfperch average abundance at all sampling sites was variable at both depths over time. Source: NOAA-NWFSC; Image: G. Williams/NOAA.",OCNMS Kelp forest monitoring,https://www.webapps.nwfsc.noaa.gov/apex/f?p=158:1::::,NOAA Fisheries Kelp Forest Monitoring Data,https://www.webapps.nwfsc.noaa.gov/apex/f?p=158:10::::::,NA,NA,NA
human-connections,kelp-forest_kelp-canopy.html,NA,Trends - Kelp canopy cover,https://drive.google.com/file/d/1EioHRTbpUuxLoCw2OObcLIdBcL_boLz1/view?usp=sharing,"The area (in hectares) of total kelp canopy, bull kelp *Nereocystis* spp., and giant kelp *Macrocystis* spp.from 1989 to 2019 on Washington's outer Pacific coast, based on aerial surveys. The vertical black line indicates the last condition report in 2008. Image: Modified from Pfister et al., 2017 by H. Berry/Washington State Department of Natural Resources.",WDNR Kelp Monitoring,https://www.dnr.wa.gov/programs-and-services/aquatics/aquatic-science/kelp-monitoring,Pfister et al. 2017,https://besjournals.onlinelibrary.wiley.com/doi/full/10.1111/1365-2745.12908,NA,NA,NA
human-connections,kelp-forest_rock-cover.html,NA,Trends - Cover,NA,"Data not yet available, but we hope to include information soon.",NA,NA,NA,NA,Not in report,NA,NA
human-connections,kelp-forest_sea-otters.html,NA,Trends - Sea otter abundance,https://drive.google.com/file/d/1gICe7yDGS1j2NU3qTromeE_UAdnJd6iL/view?usp=sharing,"Uncorrected estimated minimum number of sea otters (from annual summer aerial surveys) in Washington, including areas north and south of La Push from 1989–2019. Line denotes the trend for Washington. Image: Jeffries et al., 2019.",USFWS Sea Otter Surveys in Washington,https://www.fws.gov/wafwo/articles.cfm?id=149489657,Jefferies et al. 2019,https://www.fws.gov/wafwo/documents/WASeaOtterSurvey2019.pdf,NA,NA,NA
human-connections,kelp-forest_sea-stars.html,NA,Trends - Ochre star (NOAA),https://drive.google.com/file/d/1GlSg9tUw7ti053c_p0IuuAvkVhkmAU5Y/view?usp=sharing,"Average density of ochre stars *Pisaster ochraceus* in kelp forest habitats from 2015–2019 at 5 m (top) and 10 m (bottom) depths from Destruction Island to Neah Bay, Washington. Mean density at 5m sites was higher at Destruction Island than at other 5m sites surveyed between 2015 and 2019; mean density among 10m sites was highest at Destruction Island in 2017. Source: NOAA-NWFSC; Image: G. Williams/NOAA.",OCNMS Kelp forest monitoring,https://www.webapps.nwfsc.noaa.gov/apex/f?p=158:1::::,NOAA Fisheries Kelp Forest Monitoring Data,https://www.webapps.nwfsc.noaa.gov/apex/f?p=158:10::::::,NA,NA,NA
human-connections,kelp-forest_sea-stars.html,NA,Trends - Sunflower star (NOAA),https://drive.google.com/file/d/1sVtYtGdZpTOUUIE_RIw95HZK9zhApcWk/view?usp=sharing,"Average density of sunflower stars *Pycnopodia helianthoides* in kelp forest habitats from 2015–2019 at 5 m (top) and 10 m (bottom) depths from Destruction Island to Neah Bay, Washington. Mean density among 5m sites was higher at Neah Bay in 2018 and at Cape Alava in 2019. Mean density among 10 m sites was higher at Tatoosh Island in 2016 and at Neah Bay in 2018. Source: NOAANWFSC; Image: G. Williams/NOAA.",OCNMS Kelp forest monitoring,https://www.webapps.nwfsc.noaa.gov/apex/f?p=158:1::::,NOAA Fisheries Kelp Forest Monitoring Data,https://www.webapps.nwfsc.noaa.gov/apex/f?p=158:10::::::,NA,NA,NA
human-connections,kelp-forest_sea-stars.html,NA,Trends - Sunflower star (REEF),https://drive.google.com/file/d/1z26yqOkNdc3SiMmLAC_-9zmmhNfMc_wj/view?usp=sharing,"Average counts of sunflower stars (*Pycnopodia helianthoides*) in rocky, shallow (5–30 m) habitats from 2006–2015 for Washington state. The dashed purple line denotes mean counts for the Washington outer coast from Cape Flattery to the Columbia River. Source: Reef Environmental Education Foundation; Image: Montecino-Latorre et al., 2016.",REEF Volunteer Fish Survey Project,https://www.reef.org/programs/volunteer-fish-survey-project,Montecino-Latorre et al. 2016,https://doi.org/10.1371/journal.pone.0163190,NA,NA,NA
human-connections,kelp-forest_sea-urchins.html,NA,Trends - Purple urchin,https://drive.google.com/file/d/13p609OyeQwTE7IpqADRcAem2DsNc6QUw/view?usp=sharing,"Average density of purple sea urchins *Strongylocentrotus purpuratus* from 2015–2019 at 5 m (top) and 10 m (bottom) depths from Destruction Island to Neah Bay, Washington. Mean density was higher at Tatoosh Island at both 5 m and 10 m depths from 2016 - 2019 compared to other sites. In 2019, the mean density of purple urchins at 5m sites at Tatoosh Island was similar to the mean density of urchins at 5m sites near Destruction Island in 2019. Source: NOAA-NWFSC; Image: G. Williams/NOAA.",OCNMS Kelp forest monitoring,https://www.webapps.nwfsc.noaa.gov/apex/f?p=158:1::::,NOAA Fisheries Kelp Forest Monitoring Data,https://www.webapps.nwfsc.noaa.gov/apex/f?p=158:10::::::,NA,NA,NA
human-connections,kelp-forest_sea-urchins.html,NA,Trends - Red urchin,https://drive.google.com/file/d/1VEUCr64ff2gFVWR7UBCXN-YuW-mdLmVg/view?usp=sharing,"Average density of red sea urchins *Mesocentrotus franciscanus* (per m2) from 2015–2019 at 5 m (top) and 10 m (bottom) depths for Destruction Island to Neah Bay, Washington. Mean density of red sea urchins at 10 m sites was consistently higher at Tatoosh Island compared to other sites. Source: NOAA-NWFSC; Image: G. Williams/NOAA.",OCNMS Kelp forest monitoring,https://www.webapps.nwfsc.noaa.gov/apex/f?p=158:1::::,NOAA Fisheries Kelp Forest Monitoring Data,https://www.webapps.nwfsc.noaa.gov/apex/f?p=158:10::::::,NA,NA,NA
understory-algae,kelp-forest_understory-algae.html,NA,Trends - Abundance,NA,"Data not yet available, but we hope to include information soon.",NA,NA,NA,NA,Not in report,NA,NA
dissolved-oxygen,ocean-climate_dissolved-oxygen.html,NA,Map - DO and halibut 2017,https://drive.google.com/file/d/1hZP8b1tphMxKP1ONZaSG0ysNFOI9cmtC/view?usp=sharing,"Estimated dissolved oxygen in 2017, with weight per unit effort values from the IPHC setline survey overlaid with black symbols (IPHC, 2018). No halibut were caught within the severely hypoxic area. Weight per unit effort is expressed as pounds per skate. ""Skates"" are halibut gear, consisting of units of leaded ground line in lengths of 100 fathoms (600 ft [183 m]) with about 100 circle hooks attached. Image: IPHC.",NA,NA,NA,NA,NA,NA,NA
dissolved-oxygen,ocean-climate_dissolved-oxygen.html,NA,Maps - Minimum DO,https://drive.google.com/file/d/1n0LCqxUuDPtjWz_w5Ref1FBSRWE-igtS/view?usp=sharing,Dissolved oxygen maps. Distribution of the minimum dissolved oxygen values (ml/L) during June from 2007 to present. A level of <1.4 ml/L (<2 mg/L) dissolved oxygen is generally used to identify hypoxic waters (outlined with bold contour line). Image: NOAA.,NA,NA,NA,NA,NA,NA,NA
dissolved-oxygen,ocean-climate_dissolved-oxygen.html,NA,Trends - Bottom DO,https://drive.google.com/file/d/1Ao9wUaVkPSBTOdVFc8WQZlMP3NIGiTZp/view?usp=sharing,OCNMS summer bottom dissolved oxygen in 2019 at four OCNMS mooring locations. These four locations span approximately 135 miles of coastline between Makah Bay in the north and Cape Elizabeth in the south. Horizontal line represents the hypoxia threshold (dissolved oxygen <2 mg/L or <1.4 ml/L). Source: NOAA; Image: A. Mabrouk/NOAA.,NA,NA,NA,NA,NA,NA,NA
dissolved-oxygen,ocean-climate_dissolved-oxygen.html,NA,Trends - Near-bottom DO,https://drive.google.com/file/d/1ZYdvaAWaPgx_Fubhb_sBaL9ULncidXrI/view?usp=sharing,"Seasonal variability for near-bottom dissolved oxygen at locations spanning the Olympic Coast from Makah Bay in the north to Cape Elizabeth in the south (2006–2017). Results indicate a north-south gradient and seasonal progression of hypoxia, with greater frequency of hypoxic conditions at southern sites. Percentages estimate the proportion of the upwelling season when conditions are below the threshold for hypoxia. Source and image: Alin et al., 2021b.",NA,NA,NA,NA,NA,NA,NA
nutrients-phytoplankton,ocean-climate_nutrients-phytoplankton.html,NA,Maps - Columbia River plume,https://drive.google.com/file/d/1tS_mgL6OrN1E5yITZW5Ybr0fOdGzh9zn/view?usp=sharing,"Environmental conditions that transport toxic Pseudo-nitzschia southward from northern (Juan de Fuca Eddy) and southern (Heceta Bank) sources in summer/fall in the Pacific Northwest (a) under prevailing upwelling-favorable winds; (b) during a reversal to weak downwelling-favorable winds; and (c) in late winter/spring, prior to the spring transition. Surface currents are shown with arrows. Shaded areas on shore are clamming beaches. Shaded areas offshore indicate freshwater plumes from the Columbia River and the Strait of Juan de Fuca. ‘‘Barrier’’ and ‘‘Conduit’’ notations refer to the role of the Columbia plume in transporting HABs to the Olympic Coast under different oceanographic conditions. Image: Hickey et al., 2013.",NA,NA,Hickey et al. 2013,https://doi.org/10.1016/j.hal.2013.01.006,NA,NA,NA
nutrients-phytoplankton,ocean-climate_nutrients-phytoplankton.html,NA,"Maps - Streamflow, sediments, N, P",https://drive.google.com/file/d/1PQoc70L3swk-mnyfSX_A8UrWXtRY-umK/view?usp=sharing,"Maps from USGS SPARROW models, depicting Washington watersheds and relative contributions of streamflow (upper left), suspended sediments (upper right), total phosphorus (lower left), and total nitrogen (lower right) in 2012. Source: Wise, 2020.",NA,NA,SPARROW Model Assessments of Nutrients and Suspnded Sediment in the Pacific Northwest and California,https://www.usgs.gov/centers/oregon-water-science-center/science/sparrow-model-assessments-nutrients-and-suspended,NA,NA,NA
nutrients-phytoplankton,ocean-climate_nutrients-phytoplankton.html,NA,Trends - Chlorophyll anomaly,https://drive.google.com/file/d/1CHKLZEnf5_z9Ed8US9m6aWRQ0-2rPF40/view?usp=sharing,"Annual anomalies for chlorophyll (mg/m3), log10-transformed, for 1998–2019. Vertical black line indicates the year of the last condition report (2008). Red bars are positive anomalies, and blue bars are negative anomalies. Red box indicates the highly significant increasing trend for the year range 2010–2019. Decreases are denoted by blue shading and “(-)”, and increases are denoted by red shading with “(+)”. Significant changes do not have parentheses around the +/- sign. Source: NOAA Fisheries, 2020d; O’Brien & Oakes, 2020; Image: A. Mabrouk/NOAA.",NA,NA,COPEPOD,https://www.st.nmfs.noaa.gov/copepod/about/about-copepod.html,NA,NA,NA
ocean-acidification,ocean-climate_ocean-acidification.html,NA,Trends - Benthic aragonite saturation,https://drive.google.com/file/d/1i02DL0hpGNT5Wyuf3KN_Te2HU2PhR6gX/view?usp=sharing,"Seasonal variability for aragonite saturation at locations spanning the Olympic Coast from Makah Bay in the north to Cape Elizabeth in the south (2006–2017). The dotted lines represent the saturation threshold; with values below 1 are undersaturated or “corrosive”. Percentages indicate the portion of the mooring record where values fell below the aragonite saturation threshold. Source and image: Alin et al., 2021b",NA,NA,NA,NA,NA,NA,NA
ocean-acidification,ocean-climate_ocean-acidification.html,NA,Trends - Benthic pCO2,https://drive.google.com/file/d/1sWT8lGA7itS8RT2YCqKCCIvgv30WaGo0/view?usp=sharing,"Seasonal variability for pCO2 at locations spanning the Olympic Coast from Makah Bay in the north to Cape Elizabeth in the south (2006–2017), indicating a north-south gradient and seasonal progression. Source and image: Alin et al., 2021b.",NA,NA,NA,NA,NA,NA,NA
ocean-acidification,ocean-climate_ocean-acidification.html,NA,Trends - Benthic pH,https://drive.google.com/file/d/11TIE7jgD5LJpzFABWi_x6JGljvlpwW48/view?usp=sharing,"Seasonal variability for pH, reported on the total scale, at locations spanning the Olympic Coast from Makah Bay in the north to Cape Elizabeth in the south (2006–2017). Calculated values and visualization: Alin et al., 2021b",NA,NA,NA,NA,NA,NA,NA
oceanographic-index,ocean-climate_oceanographic-index.html,NA,Trends - LUSI & TUMI,https://drive.google.com/file/d/10y6LbIykrXe-NNbs4FtkakyfoEHFO6T-/view?usp=sharing,"Length of Upwelling Season Index (LUSI) and Total Upwelling Magnitude Index (TUMI) at 48 °N. Black dots (●) indicate that recent means for the last 10 years are within 1 standard deviation of the long-term mean. During the last 10 years, the trend has not changed (indicated by arrow →).  The dashed lines are the long-term means and solid horizontal lines are ±1 standard deviation. The vertical black line indicates the year of the last condition report (2008). An explanation of index values (y-axis) and associated caveats are provided in Schwing et al. (1996). Image: IEA, 2020.",NA,NA,NOAA CCIEA Climate and Ocean Drivers,https://www.integratedecosystemassessment.noaa.gov/regions/california-current/cc-indicator-climate-ocean-drivers,NA,NA,https://oceanview.pfeg.noaa.gov/erddap/info/cciea_OC_LUSI/index.html
oceanographic-index,ocean-climate_oceanographic-index.html,NA,Trends - NPGO,https://drive.google.com/file/d/1WHXSBl8xe8YhHy0-kiPz7_f4QfrKgk_8/view?usp=sharing,"Monthly North Pacific Gyre Oscillation (NPGO) index. NPGO indicates sea surface height, signaling changes in ocean circulation that affect source waters. Positive NPGO values are associated with increased equatorward flow; higher surface salinities, nutrients, and chlorophyll; and higher productivity. Negative values are associated with less productive conditions. The black dot (●) indicates that the recent mean (last 10 years) was within 1 standard deviation of the long-term mean, and there was a decreasing trend (indicated by arrow ↘) for the last 10 years. The dashed green line is the long-term mean and solid green lines are ±1 standard deviation. Image: IEA, 2020.",NA,NA,NA,NA,NA,NA,NA
oceanographic-index,ocean-climate_oceanographic-index.html,NA,Trends - ONI,https://drive.google.com/file/d/1WBZcGMrwhwsYFGIzjJZGIk-gm44IiSu4/view?usp=sharing,"Monthly Oceanographic Nino Index (ONI) from 1950-2020. The ONI describes equatorial conditions related to the El Niño Southern Oscillation; a positive value reflects El Niño conditions with generally lower primary productivity, weaker upwelling, poleward transport of equatorial waters and species, and more storms in the southern portion of the California Current. A negative value indicates La Niña conditions, with generally higher productivity. The black dot (●) indicates that the recent mean (last 10 years) was within 1 standard deviation of the long-term mean, and there was an increasing trend (indicated by arrow ↗) for the last 10 years. The dashed green line is the long-term mean and solid green lines are ±1 standard deviation. Image: IEA, 2020.",NA,NA,NA,NA,NA,NA,NA
oceanographic-index,ocean-climate_oceanographic-index.html,NA,Trends - PDO,https://drive.google.com/file/d/1FXFVFtMRX5UAJFeL6ppZN_UVdP4sUx4X/view?usp=sharing,"Monthly Pacific Decadal Oscillation (PDO) index. The PDO describes sea surface temperature anomalies in the Northeast Pacific. Positive PDO values are associated with warmer waters and lower productivity, while negative PDO values indicate cooler waters and higher productivity. The vertical black line indicates the year of the last condition report (2008). The black dot (●) indicates that the recent mean (last 10 years) was within 1 standard deviation of the long-term mean, and there was an increasing trend (indicated by arrow ↗) for the last 10 years. The dashed green line is the long-term mean and solid green lines are ±1 standard deviation. Image: IEA, 2020.",NA,NA,NA,NA,NA,NA,NA
oceanographic-index,ocean-climate_oceanographic-index.html,NA,Trends - STI,https://drive.google.com/file/d/1XYzfhnnYETHSPVhYZ4AtuQ0ck6-yh677/view?usp=sharing,"Spring Transition Index (STI) at 48 °N from 1967 to 2019. The black dot (●) indicates that the recent mean (last 10 years) was within 1 standard deviation of the long-term mean. During the last 10 years, the trend has not changed (indicated by arrow →). The dashed line is the long-term mean and solid horizontal lines are ±1 standard deviation. The vertical black line indicates the year of the last condition report (2008). An explanation of index values (y-axis) and associated caveats are provided in Schwing et al. (1996). Image: IEA, 2020.",NA,NA,NOAA CCIEA Climate and Ocean Drivers,https://www.integratedecosystemassessment.noaa.gov/regions/california-current/cc-indicator-climate-ocean-drivers,NA,NA,NA
NA,ocean-climate_water-chemistry.html,NA,NA,NA,"Data not yet available, but we hope to include information soon.",NA,NA,NA,NA,NA,NA,NA
temperature,ocean-climate_temperature.html,NA,Maps - Marine heatwave 2014/2019 comparison,https://drive.google.com/file/d/1m8Z5Zoz1sUCJ05stDAyGr_kO-Y6FVlA9/view?usp=sharing,"Sea surface temperature anomaly (°C) along the Pacific coast of North America in September 2014 and September 2019. Several intense marine heatwaves have affected the Northeast Pacific in recent years. Source: NOAA Fisheries, 2019a.",California Current Marine Heatwave Tracker,https://www.integratedecosystemassessment.noaa.gov/regions/california-current/cc-projects-blobtracker,NOAA Fisheries,https://www.fisheries.noaa.gov/feature-story/new-marine-heatwave-emerges-west-coast-resembles-blob,NA,NA,NA
temperature,ocean-climate_temperature.html,NA,Maps - Marine heatwave 2019,https://drive.google.com/file/d/1zHUjbC3kZjlpPtwPBaOaOQIA2DuBB9zF/view?usp=sharing,"Four maps showing standardized SST anomalies (SSTa) across the Northeast Pacific Ocean, including OCNMS, for May, July, and September 2019 and January 2020. Dark contours denote regions that meet the criteria of a marine heatwave (see Harvey et al., 2020). Standardized SSTa is defined as SSTa divided by the standard deviation of SSTa at each location calculated from 1982–2019, thus accounting for spatial variance in the normal fluctuation of SSTa. Image: CCIEA, 2021; Harvey et al., 2020.",CCIEA Marine Heatwave Tracker,https://www.integratedecosystemassessment.noaa.gov/regions/california-current/cc-projects-blobtracker,NOAA CCIEA 2020,https://www.pcouncil.org/documents/2020/02/g-1-a-iea-team-report-1.pdf/,S.H.10.5.Marine heat wave maps from CCIEA,NA,NA
temperature,ocean-climate_temperature.html,NA,Trends - Sea surface temperature,NA,"Annual SST anomalies (Reynolds Optimum Interpolation SST-v2) and trends analysis for OCNMS, 1979–2019. Red box illustrates a significant increasing trend for 2010–2019. Blue shading and “-” indicate a significant decrease, while red shading and “+” indicate a significant increase. Symbols in parentheses (i.e., “(-)” and “(+)”) do not indicate significant changes. Image: NOAA Fisheries, 2020d; O’Brien & Oakes, 2020.",NA,NA,NOAA CCIEA Climate and Ocean Drivers,https://www.integratedecosystemassessment.noaa.gov/regions/california-current/cc-indicator-climate-ocean-drivers,NA,TODO convert from GDoc to actual JPEG: https://docs.google.com/document/d/1PqeKj8L94i8lpioG9BtW9Bz63ovf20BE3ceMwacBXNA/edit?usp=sharing,NA
temperature,ocean-climate_temperature.html,NA,Trends - Subsurface temperatuve,https://drive.google.com/file/d/1i49-4kFgWiolBLk1_r9GOYDG9LW2D8dR/view?usp=sharing,"Subsurface temperature anomalies averaged in the North Pacific Ocean (40–50°N, 150–130 °W) from 1980 to present (using an ensemble of ocean reanalysis from various agencies). Source: NOAA Climate Prediction Center; Image: L'Heureux, 2019; C. Wen/NOAA.",NA,NA,NA,NA,NA,NA,NA
cetaceans,pelagic_cetaceans.html,NA,Maps - Density comparison,https://drive.google.com/file/d/1D-7ZpHvnkypJKOtZ2JQrWDQvLI_--8_h/view?usp=sharing,"Predicted mean densities from 1991–2009 habitat‐based density models compared to novel 2014 summer/fall density predictions for fin whales (Balaenoptera physalus) (top) and humpback whales (Megaptera novaeangliae) (bottom). Left panels show the average prediction for 1991–2009, middle panels show predictions for 2014, and right panels show the difference between the two predictions. Image: Becker et al., 2019.",NA,NA,NA,NA,NA,NA,NA
cetaceans,pelagic_cetaceans.html,Fin whales,Maps - Fin whales,https://drive.google.com/file/d/1p-AbU8107ZCBuGnUBC00EllqdIwcwo1N/view?usp=sharing,"A map of Fin whale (Balaenoptera physalus) sightings from shipboard surveys on the U.S. West Coast, 1991–2014. Image: Carretta et al., 2020.",NA,NA,NA,NA,NA,NA,NA
cetaceans,pelagic_cetaceans.html,Grey whales,Maps - Gray whales,https://drive.google.com/file/d/1JkjJxARPqznbjJ7be9pEtYXqj8vTJUq0/view?usp=sharing,"Map of gray whale (Eschrichtius robustus) survey region, including region 4 (North Ocean) and region 5 (South Ocean) (left). Average observation rates by year for gray whales (per km2) in North and South Ocean regions from June to November, 1996–2011 (right). Error bars represent two times standard error. *No surveys were conducted in 2004. Image: Scordino et al., 2017.",NA,NA,NA,NA,NA,NA,NA
cetaceans,pelagic_cetaceans.html,Humpback whales,Maps - Humpback whales,https://drive.google.com/file/d/1Yt14JTo0f4dsUnoUHKVdW_94mv-C1QeT/view?usp=sharing,"A map of humpback whale (Megaptera novaeangliae) sightings from shipboard surveys on the U.S. West Coast, 1991–2014. Image: Carretta et al., 2020.",NA,NA,NA,NA,NA,NA,NA
cetaceans,pelagic_cetaceans.html,Fin whales,Trends - Fin whales,https://drive.google.com/file/d/1ktHu_OiSqAEUko67TNfckefMHLG-Vxuy/view?usp=sharing,"Fin whale (Balaenoptera physalus) abundance estimates on the U.S. West Coast, 1991–2014. Image: Nadeem et al., 2016.",NA,NA,NA,NA,NA,NA,NA
cetaceans,pelagic_cetaceans.html,Grey whales,Trends - Gray whale strandings,https://drive.google.com/file/d/1XrhfT9t8IqBGaunsG8W85xzEVFERdPvC/view?usp=sharing,"Combined 2019–2020 gray whale (Eschrichtius robustus) strandings by month in California, Oregon, Washington, and Alaska. Image: D. Fauquier/NOAA.",NA,NA,NA,NA,NA,NA,NA
cetaceans,pelagic_cetaceans.html,Grey whales,Trends - Gray whales,https://drive.google.com/file/d/1_H_dJ-odKtplxfTrsejygrTrYR6isAdy/view?usp=sharing,"Average observation rates by year for gray whales (Eschrichtius robustus) per km2 in North and South Ocean regions from June to November, 1996–2011 (right). Error bars represent two times standard error. *No surveys were conducted in 2004. Image: Scordino et al., 2017.",NA,NA,NA,NA,NA,NA,NA
cetaceans,pelagic_cetaceans.html,Humpback whales,Trends - Humpback whales,https://drive.google.com/file/d/1YHu0F-Ai4RSOE38xsxFOcft00y51x-7I/view?usp=sharing,"Humpback whale (Megaptera novaeangliae) abundance estimates off Washington and southern British Columbia. Image: Calambokidis et al., 2017.",NA,NA,NA,NA,NA,NA,NA
eulachon,pelagic_eulachon.html,NA,Trends - Abundance spawners,https://drive.google.com/file/d/1sEj9UP7TmhW213K6D5eNC0t0m-bIbdoe/view?usp=sharing,"Comparison of estimated number of eulachon (Thaleichthys pacificus) spawning in Columbia, Fraser, Chehalis, Naselle, and Grays rivers from 2011–2018. Image: Langness et al., 2018",NA,NA,NA,NA,NA,NA,NA
forage-fish,pelagic_forage-fish.html,NA,Trends - Anchovy,https://drive.google.com/file/d/1vzNiyxL0IFWw5GamuRZLMBvaDM1UXiyC/view?usp=sharing,Abundance anomalies for northern anchovy *Engraulis mordax* off Washington and Oregon from 1936 to 2016. Green bars indicate more than two datasets show a positive anomaly. Image: Duguid et al. 2019,NA,NA,Duguid et al. 2019,https://doi.org/10.1016/j.dsr2.2018.05.018,NA,NA,NA
humboldt-squid,pelagic_humboldt-squid.html,NA,Trends - Abundance,NA,"Data not yet available, but we hope to include information soon.",NA,NA,NA,NA,"Not in report, but keep as a data gap",NA,NA
krill,pelagic_krill.html,NA,Maps - Krill distribution,https://drive.google.com/file/d/1urpI6o27-rK2Uk25Dsolfcc7jzTbb5x7/view?usp=sharing,"Distributions of northern Pacific krill Euphausia pacifica off Oregon and southern Washington from May/June 2011–2019. Colors represent catch per unit effort per standardized tow. Source: R. Brodeur/NOAA; Image: Harvey et al., 2020.",NA,NA,NA,NA,NA,NA,NA
larvae-zooplankton,pelagic_larvae-zooplankton.html,NA,Maps - Larvae and zooplankton stations,https://drive.google.com/file/d/1iqn5t3V81LOu3KjaFBAib2SA6Q6Sm8Iq/view?usp=sharing,"Location of survey stations trawled in Oregon and Washington that were used to characterize species richness, diversity and evenness for pelagic larvae and zooplankton.",NA,NA,NA,NA,NA,NA,NA
larvae-zooplankton,pelagic_larvae-zooplankton.html,NA,Maps - Phytoplankton,https://drive.google.com/file/d/1Jxfmfo-CYyBmHTpbBOkTqiT44ldO49z1/view?usp=sharing,"Location of the Newport hydrographic line where phytoplankton net samples were collected from February 2009 to June 2016 to identify species richness anomalies for diatoms and dinoflaggelates.  Image: Peterson et al., 2017.",NA,NA,NA,NA,NA,NA,NA
larvae-zooplankton,pelagic_larvae-zooplankton.html,NA,Trends - Copepods,https://drive.google.com/file/d/1zFTCVLyUkNdfQpdFmJJJwqMYcIPzR2W2/view?usp=sharing,"PDO and ONI (top) and monthly biomass anomalies of the northern (middle) and southern (bottom) copepod taxa from 1969 to 2020 offshore of Newport, Oregon. Note that when SST is anomalously warm (i.e., PDO is positive), northern copepod biomass is low (negative anomaly) and southern copepod biomass is high (positive anomaly). Image: NWFSC, 2020.",Newport Hydrographic Line,https://www.fisheries.noaa.gov/content/newportal-blog-northwest-fisheries-science-center,InPort NMFS Data Management Program,https://www.fisheries.noaa.gov/inport/item/30852,Can we also add a tab under oceanographic indices to display this same set of panels?,NA,NA
larvae-zooplankton,pelagic_larvae-zooplankton.html,NA,Trends - Larvae and zooplankton diversity,https://drive.google.com/file/d/16GlTpDcU1nLcFLcthf0f5ubbrOEwPZwO/view?usp=sharing,"Box plots showing pelagic larvae and zooplankton species richness, diversity, and evenness for all trawls (see map, left) in southern Washington and Oregon (2011 and 2013–2016). Image: Brodeur et al., 2019.",NA,NA,NA,NA,NA,NA,NA
larvae-zooplankton,pelagic_larvae-zooplankton.html,NA,Trends - Phytoplankton diversity,https://drive.google.com/file/d/1lCS6Me3LoO24f6Ux6tHwstX48-AaFH5K/view?usp=sharing,"Diatom (top) and dinoflagellate (bottom) species richness anomalies for 2009–2016 offshore of Newport, Oregon. Image: Peterson et al., 2017.",NA,NA,NA,NA,NA,NA,NA
leatherback,pelagic_leatherback.html,NA,Trends - Abundance,NA,"Data not yet available, but we hope to include information soon.",NA,NA,NA,NA,"Not in report, but keep as a data gap",NA,NA
midwater-rockfishes,pelagic_midwater-rockfishes.html,NA,Trends - Abundance,NA,"Data not yet available, but we hope to include information soon.",NA,NA,NA,NA,"Not in report, but keep as a data gap",NA,NA
nis,pelagic_nis.html,NA,Maps - Atlantic salmon,https://drive.google.com/file/d/1Wn5B1N0v1ceRxnGUByvyd-dYBfJg24O6/view?usp=sharing,"Locations where Atlantic salmon have been caught since their accidental release from a failing net pen near Cypress Island in 2017. Atlantic salmon have been caught in water adjacent to and inside OCNMS. Image: WDFW, 2017.",NA,NA,NA,NA,NA,NA,NA
pacific-hake,pelagic_pacific-hake.html,NA,Trends - Biomass,https://drive.google.com/file/d/1lRvwHNdX5CufW6a-baTChXzFt-f3o5gN/view?usp=sharing,"Spatial distribution of adult Pacific hake (>2 years old) based on acoustic backscatter data. Colors on the bar chart indicate specific year classes whose populations are tracked over time. Source: Grandin et al., 2020; Image: J. Clemons/NOAA.",NA,NA,NA,NA,NA,NA,NA
pinnipeds,pelagic_pinnipeds.html,NA,Maps - Stellar sea lion haul-outs,https://drive.google.com/file/d/194S-SqLA8npbbZ7fCGGJw0BkKZaTiRO3/view?usp=sharing,"Location of Steller sea lion haulouts on the Olympic peninsula (left). Sites 4–12 are located inside OCNMS. Symbols denote haulouts with annual maximum numbers of >100 animals (triangles), <= 100 animals (circles) and those with no information (squares). Number of Steller sea lions counted during breeding season (June-July surveys) in OCNMS 1989–2013 (right). An overall increasing trend during this period is shown by the black line while the variability around that trend is shown by grey shading. Source: WDFW, 2019; Figure: S. Colosimo and S. Jeffries/WDFW.",NA,NA,NA,NA,NA,NA,NA
pinnipeds,pelagic_pinnipeds.html,NA,Trends - Harbor seal abundance,https://drive.google.com/file/d/1Y3BP4sNdJ6klMg8C1ZQQyHzoRl8R_43d/view?usp=sharing,Estimated density of Pacific harbor seals (Phoca vitulina) from at-sea surveys on the outer Washington coast from (May–July) 2008–2019. Each dot represents the estimated annual density (number of seals per km2) along the Washington coast. The black line is the estimated linear trend across the time series. Gray band is the 95% confidence interval of the trend. Image: S. Pearson/WDFW.,NA,NA,NA,NA,NA,NA,NA
pinnipeds,pelagic_pinnipeds.html,NA,Trends - Stellar sea lion abundance,https://drive.google.com/file/d/1CfhtNyTrFzXcbgtQKS13OhTm9_ZdRFL4/view?usp=sharing,"Number of Steller sea lions counted during breeding season (June-July surveys) in OCNMS, 1989–2013 (right). An overall increasing trend during this period is shown by the black line, while the variability around that trend is shown by grey shading. Image: S. Colosimo and S. Jeffries/WDFW.",NA,NA,NA,NA,NA,NA,NA
salmon,pelagic_salmon.html,NA,Trends - Blueback salmon,https://drive.google.com/file/d/1W8U05okch3L2Najo0shbwMVyBjhdrAVs/view?usp=sharing,"Estimated Quinault blueback (sockeye) salmon run sizes from 2000–2020, including the 2008–2020 assessment period for this report indicated by grey bars. The Quinault blueback salmon fishery was closed prior to each season in 2018, 2019, and 2020 because of historically low returns of wild adult salmon to the Quinault River following extremely poor ocean conditions beginning in 2014. Source: L. Gilbertson/ Quinault Indian Nation, personal communication, January 8, 2021.",NA,NA,NA,NA,NA,NA,NA
salmon,pelagic_salmon.html,NA,Trends - Chinook salmon,https://drive.google.com/file/d/1zo5CmKtiCha-mKwOaDm9EuX7WeaugXe4/view?usp=sharing,"Annual trends in adult Chinook abundance north of Cape Falcon, Oregon and area-specific reduction in adult Chinook salmon abundance modeled to result from all Pacific Fishery Management Council salmon fisheries (from October through the following September). Image: Pacific Fishery Management Council, 2020.",NA,NA,NA,NA,NA,NA,NA
seabirds,pelagic_seabirds.html,At-sea surveys,Maps - Marbled Murrelet,https://drive.google.com/file/d/152xEC20lsOeXgOZmFRnjfwqCJiaonkkh/view?usp=sharing,"Marbled murrelet densities (birds/km2) along the Washington coast (Zone 2 on map) from 2000–2019. Image: McIver et al., 2019.",NA,NA,NA,NA,NA,NA,NA
seabirds,pelagic_seabirds.html,At-sea surveys,Trends - Cassin's Auklet,https://drive.google.com/file/d/1ktdIt6YVdlOfvkFDBIPCyOWipXjNSDxl/view?usp=sharing,"Density anomalies (number of birds per km2) for Cassin’s auklet (Ptychoramphus aleuticus) from Newport, Oregon to Cape Flattery, Washington during the summer from 2003–2019. The black dot (●) indicates that the 10-year mean (2010–2019, shaded in blue) is within one standard deviation of the long-term mean.The horizontal arrow (→) indicates no change in the 10-year trend.  Source: NOAA; J. Zamon/NOAA; Image: CCIEA, 2019.",NA,NA,NA,NA,NA,NA,NA
seabirds,pelagic_seabirds.html,Beach carcass surveys,Trends - Cassin's Auklet carcasses,https://drive.google.com/file/d/1_Nov9OAyefLkY7n2QWkQE6GFpgz5XuOa/view?usp=sharing,"Encounter rates for dead Cassin’s auklets (Ptychoramphus aleuticus) from 2001–2018 from the California-Oregon border to Cape Flattery, Washington. The black dot (●) indicates that the 10-year mean (2010–2019, shaded in blue) is within one standard deviation of the long-term mean.The horizontal arrow (→) indicates no change in the 10-year trend. Source: COASST, 2020; Image: CCIEA, 2019.",Coastal Observation and Seabird Survey Team (COASST),https://coasst.org/,CCIEA ERDDAP,"https://oceanview.pfeg.noaa.gov/erddap/tabledap/cciea_B_AS_DENS.html?time,density_anomaly&species_cohort=%22Cassins%20auklet%20(No%20CC,%20Summer)%22",NA,NA,NA
seabirds,pelagic_seabirds.html,Beach carcass surveys,Trends - Common Murre carcasses,https://drive.google.com/file/d/1iAfM0HAU-VxyYiY0WaREtpYGsddEb9Gw/view?usp=sharing,"Encounter rates for dead common murres (Uria aalge) from 2008–2020 for northern Washington. Image: COASST, 2020.",Coastal Observation and Seabird Survey Team (COASST),https://coasst.org/,COASST explore data App,http://3.223.50.225:3838/Explore-data/,NA,NA,NA
seabirds,pelagic_seabirds.html,At-sea surveys,Trends - Marbled Murrelet,https://drive.google.com/file/d/191FOIAxlIE5HXSA_S_cU81SN-kQ4obev/view?usp=sharing,"Marbled murrelet densities (birds/km2) along the Washington coast (Zone 2 on map) from 2000–2019. Image: McIver et al., 2019.",NA,NA,NA,NA,NA,NA,NA
seabirds,pelagic_seabirds.html,At-sea surveys,Trends - Tufted Puffin,https://drive.google.com/file/d/17Kq9n7veUDPxxrWTsebl1TTB83DzLmU9/view?usp=sharing,"Encounters (birds/km) of tufted puffins during summer (May–July) at-sea surveys between Cape Flattery and Point Grenville from 2001–2017. Image: Hanson et al., 2019.",NA,NA,NA,NA,NA,NA,NA
srkw,pelagic_srkw.html,NA,Trends - Southern resident killer whales,https://drive.google.com/file/d/1lu1ATL8twlK1e5cx14cHn-_MgLMxS0uu/view?usp=sharing,"Abundance for Southern Resident killer whales in the Northeast Pacific, by pod, from 1975–2020 as of December 31, 2020. Southern Resident killer whale numbers have continued to decline during the assessment period for this report (2008–2020). Source: Center for Whale Research.",NA,NA,NA,NA,NA,NA,NA
barnacles,rocky-shore_barnacles.html,NA,Map of Sites,https://drive.google.com/file/d/19EKkqhAGoK3aiTmeWFR9_Ci5W2i5ZWFd/view?usp=sharing,An interactive map of MARINe sites within OCNMS,Multi-Agency Rocky Intertidal Network (MARINe),https://marine.ucsc.edu,MARINe data,https://marine.ucsc.edu/explore-the-data/index.html,NA,NA,NA
barnacles,rocky-shore_barnacles.html,NA,Trends - Acorn barnacles,https://drive.google.com/file/d/19EKkqhAGoK3aiTmeWFR9_Ci5W2i5ZWFd/view?usp=sharing,"Average abundance of acorn barnacles (*Balanus glandula* and *Chthamalus dalli*) measured as percent cover in rocky intertidal monitoring plots at six locations adjacent to OCNMS from 2007 to 2019. The bold, black line indicates the sanctuary-wide annual abundance calculated by averaging across the six sites. Only data from permanent plots focused on acorn barnacles were used. Source: MARINe.",Multi-Agency Rocky Intertidal Network (MARINe),https://marine.ucsc.edu,MARINe data,https://marine.ucsc.edu/explore-the-data/index.html,NA,NA,https://docs.google.com/spreadsheets/d/1u51tyw48p67zusSZzP4RLrkKI-0lbwB2xYzynH5w8gw/edit?usp=sharing
black-oystercatcher,rocky-shore_black-oystercatcher.html,NA,Trends - Abundance,NA,"Data not yet available, but we hope to include information soon.",NA,NA,NA,NA,Not in report,NA,NA
colonial-seabirds,rocky-shore_colonial-seabirds.html,NA,Trends - Common Murre colony,https://drive.google.com/file/d/1ltsW9_KEWFVl46I_tSlU-uJrhI7_AvY2/view?usp=sharing,"Whole-colony counts for common murres from 1996–2015 (except Tatoosh Island) in (a) Washington state and (b–d) northern Washington state (i.e., White-Bodeltehs, Carroll-Jagged, and Quillayute Needles). Solid line in each panel is the trend in colony counts. Image: Thomas & Lyons, 2017.",NA,NA,NA,NA,NA,NA,NA
invertebrate-diversity,rocky-shore_invertebrate-diversity.html,NA,Trends - Abundance,NA,"Data not yet available, but we hope to include information soon.",NA,NA,NA,NA,Not in report,NA,NA
macroalgae-surfgrass,rocky-shore_macroalgae-surfgrass.html,NA,Trends - Rockweed,https://drive.google.com/file/d/1ppiWHNZpz6Xb6MygA-1dk8jT-HMreUCU/view?usp=sharing,"Annual average of the percent of the rock surface that is covered by dwarf rockweed (*Pelvetiopsis limitata*) in plots targeting dwarf rockweed at Sokol Point/Chilean Memorial, a site where rocky intertidal habitat has been monitored in Olympic Coast National Marine Sanctuary since 2007. Source: MARINe/ Olympic National Park; Image: J. Brown/ECOS Consulting for NOAA.",Multi-Agency Rocky Intertidal Network (MARINe),https://marine.ucsc.edu,MARINe data,https://marine.ucsc.edu/explore-the-data/index.html,NA,NA,NA
macroalgae-surfgrass,rocky-shore_macroalgae-surfgrass.html,NA,Trends - Surfgrass,https://drive.google.com/file/d/16tmj3jbhFwbsgskk35yM3HyoxRfTpaaa/view?usp=sharing,Annual average of the percent of the rock surface that is covered by surfgrass (*Phyllospadix* spp.) in plots targeting surfgrass at two sites monitoring rocky intertidal habitat in Olympic Coast National Marine Sanctuary from 2008 to 2019. Source: MARINe; Image: J. Brown/ECOS Consulting for NOAA.,Multi-Agency Rocky Intertidal Network (MARINe),https://marine.ucsc.edu,MARINe data,https://marine.ucsc.edu/explore-the-data/index.html,NA,NA,NA
mussels,rocky-shore_mussels.html,NA,Map of Sites,NA,TODO,NA,NA,NA,NA,NA,NA,NA
mussels,rocky-shore_mussels.html,NA,Trends - Mussel abundance,https://drive.google.com/file/d/1MfQ05ul6GdX5y9RdbbiWmDRQh5mJxk6s/view?usp=sharing,"Average abundance of California mussels (Mytilus californianus) measured as percent cover in rocky intertidal monitoring plots at six locations adjacent to OCNMS from 2007 to 2019. The bold, black line indicates the sanctuary-wide annual abundance calculated by averaging across the six sites. Only data from permanent plots focused on mussels were used. Source: MARINe; Image: J. Brown/ECOS Consulting for NOAA.",Multi-Agency Rocky Intertidal Network (MARINe),https://marine.ucsc.edu,MARINe data,https://marine.ucsc.edu/explore-the-data/index.html,NA,NA,https://docs.google.com/spreadsheets/d/1g1JilTvNjIpV3tms5AopR7mEShMNBctWPd3fAE0uMMk/edit?usp=sharing
mussels,rocky-shore_mussels.html,NA,Trends - Mussel condition,https://drive.google.com/file/d/1cpPoPkTyz3yHejCIh01DMMn3gv2RNoba/view?usp=sharing,"A comparison of California mussel relative shell thickness for modern (2009–2011), archival (1970s), and midden (radiocarbon dated 1000–1340) samples at two sites in Washington state: Tatoosh Island (a–c) and Sand Point (d–f); (a, d) total thickness, (b, e) thickness per shell length, and (c, f) thickness per year of age. Image: Pfister et al., 2016.",NA,NA,NA,NA,NA,NA,NA
nis,rocky-shore_nis.html,NA,2011 Tsunami,https://drive.google.com/file/d/1-rKfOKux4C98ry1FxCFus2TdEm1gYaRV/view?usp=sharing,"Living, non-indigenous species (by taxonomic group) introduced to the U.S. West Coast as a result of the 2011 tsunami in Japan. The turquoise shading denotes the number of non-indigenous species present before the tsunami. The coral bars denote the number of non-indigenous species introduced as a result of the tsunami. Image: Carlton et al., 2017.",NA,NA,NA,NA,NA,NA,NA
nis,rocky-shore_nis.html,NA,Maps - 2011 Tsunami,https://drive.google.com/file/d/1uM9ihNgDDnWi67Nd6ZpMYNW8MlbwUU-1/view?usp=sharing,"Confirmed (triangles) and potential (circles) marine debris from the 2011 tsunami reported from December 2011 to February 2016 in OCNMS. Image: Office of Response and Restoration, 2016.",Japanese Tsunami Marine Debris,https://marinedebris.noaa.gov/tsunamidebris,Environmental Response Management Application,https://marinedebris.noaa.gov/sites/default/files/JTMD_ERMA_all_Source_20160224_0.pdf,NA,NA,NA
ochre-star,rocky-shore_ochre-star.html,NA,Trends - Abundance,https://drive.google.com/file/d/1ioIyXtQZWATwq6cidCv7ITCX8Xu2NYeK/view?usp=sharing,"Abundance of purple sea star (*Pisaster ochraceus*) in rocky shore habitats within OCNMS from 2008–2019. Black line shows the average number of purple sea stars observed each year from 2009 through 2019. Source: MARINe, 2019; Image: J. Brown/ECOS Consulting for NOAA.",Multi-Agency Rocky Intertidal Network (MARINe),https://marine.ucsc.edu,MARINe data,https://marine.ucsc.edu/explore-the-data/index.html,NA,NA,https://docs.google.com/spreadsheets/d/1Gzx05pG7gFBxyUq92gUaEV9lkIm2DTyrK6bGM_eSeKc/edit?usp=sharing
ochre-star,rocky-shore_ochre-star.html,NA,Trends - Size at Pt. Grenville,https://drive.google.com/file/d/1e5Fcamjf7G_YAUQwQOeiyleYkegqe5nx/view?usp=sharing,"Size structure (radius from center of star to tip of arm in mm) of *Pisaster ochraceus* populations in rocky shore habitats at Point Grenville from 2008–2018. Size structure data are also available for Point of Arches, Kydikabbit, Taylor Point, and Starfish Point. Source: MARINe, 2019; Image: M. Miner/University of California, Santa Cruz.",Multi-Agency Rocky Intertidal Network (MARINe),https://marine.ucsc.edu,MARINe data,https://marine.ucsc.edu/explore-the-data/index.html,NA,NA,NA
ochre-star,rocky-shore_ochre-star.html,NA,Trends - Size at Sokol Point,https://drive.google.com/file/d/1RDh15qg3ps_oHo3NYVhfwoG1WH6S7Jjj/view?usp=sharing,"Size structure (radius from center of star to tip of arm in mm) of *Pisaster ochraceus* populations in rocky shore habitats at Sokol Point from 2009–2018. Size structure data are also available for Point of Arches, Kydikabbit, Taylor Point, and Starfish Point. Source: MARINe, 2019; Image: M. Miner/University of California, Santa Cruz.",Multi-Agency Rocky Intertidal Network (MARINe),https://marine.ucsc.edu,MARINe data,https://marine.ucsc.edu/explore-the-data/index.html,NA,NA,NA
pinnipeds,rocky-shore_pinnipeds.html,NA,Maps - Stellar sea lion haul-outs,https://drive.google.com/file/d/194S-SqLA8npbbZ7fCGGJw0BkKZaTiRO3/view?usp=sharing,"Location of Steller sea lion haulouts on the Olympic peninsula (left). Sites 4–12 are located inside OCNMS. Symbols denote haulouts with annual maximum numbers of >100 animals (triangles), <= 100 animals (circles) and those with no information (squares). Number of Steller sea lions counted during breeding season (June-July surveys) in OCNMS 1989–2013 (right). An overall increasing trend during this period is shown by the black line while the variability around that trend is shown by grey shading. Source: WDFW, 2019; Figure: S. Colosimo and S. Jeffries/WDFW.",NA,NA,NA,NA,NA,NA,NA
pinnipeds,rocky-shore_pinnipeds.html,NA,Trends - Stellar sea lion abundance,https://drive.google.com/file/d/1CfhtNyTrFzXcbgtQKS13OhTm9_ZdRFL4/view?usp=sharing,"Number of Steller sea lions counted during breeding season (June-July surveys) in OCNMS, 1989–2013 (right). An overall increasing trend during this period is shown by the black line, while the variability around that trend is shown by grey shading. Image: S. Colosimo and S. Jeffries/WDFW.",NA,NA,NA,NA,NA,NA,NA
advisories-closures,sandy-beach_advisories-closures.html,NA,Trends - Swimming closures,https://drive.google.com/file/d/1vNtVal7eqZfC037uXucBFEND99IfvPAH/view?usp=sharing,"Number of swimming closures for outer Washington coast beaches (2005–2018); only Hobuck and Tsoo-Yess beaches are adjacent to OCNMS. Westhaven and Westport locations are approximately 15 miles south of the OCNMS boundary. The vertical black line indicates the year of the last condition report (2008). Source: Washington Department of Ecology, 2020a; Image: A. Mabrouk/NOAA.",WA Dept. of Ecology,https://ecology.wa.gov/Water-Shorelines/Water-quality/Saltwater/BEACH-program,NA,NA,NA,NA,https://drive.google.com/file/d/1GL2ymVyMrQDQORsl_kagFZW9g3WV7tiS/view?usp=sharing
beach-wrack,sandy-beach_beach-wrack.html,NA,Trends - Abundance,NA,"Data not yet available, but we hope to include information soon.",NA,NA,NA,NA,Not in report - keep as data gap,NA,NA
nis,sandy-beach_nis.html,NA,2011 Tsunami,https://drive.google.com/file/d/1-rKfOKux4C98ry1FxCFus2TdEm1gYaRV/view?usp=sharing,"Living, non-indigenous species (by taxonomic group) introduced to the U.S. West Coast as a result of the 2011 tsunami in Japan. The turquoise shading denotes the number of non-indigenous species present before the tsunami. The coral bars denote the number of non-indigenous species introduced as a result of the tsunami. Image: Carlton et al., 2017.",NOAA MDP - Monitoring Tsunami Debris,https://marinedebris.noaa.gov/japan-tsunami-marine-debris/monitoring-tsunami-debris-north-american-shorelines,Clarke Murray et al. 2018,https://repository.library.noaa.gov/view/noaa/18775,NA,NA,NA
nis,sandy-beach_nis.html,NA,Maps - 2011 Tsunami,https://drive.google.com/file/d/1uM9ihNgDDnWi67Nd6ZpMYNW8MlbwUU-1/view?usp=sharing,"Confirmed (triangles) and potential (circles) marine debris from the 2011 tsunami reported from December 2011 to February 2016 in OCNMS. Image: Office of Response and Restoration, 2016.",Japanese Tsunami Marine Debris,https://marinedebris.noaa.gov/tsunamidebris,Environmental Response Management Application,https://marinedebris.noaa.gov/sites/default/files/JTMD_ERMA_all_Source_20160224_0.pdf,NA,NA,NA
nis,sandy-beach_nis.html,NA,Trends - European green crab,https://drive.google.com/file/d/1c7TONWhgBJOPEAkSUH8szqguterPuNBt/view?usp=sharing,"Catch per unit effort for European green crab *Carcinus maenas* from trapping in coastal rivers adjacent to Makah Bay in 2018 (top) and 2019 (bottom). Image: Akmajian & Halttunen, 2019.",Washington Department of Fish and Wildlife,https://wdfw.wa.gov/species-habitats/invasive/carcinus-maenas,Makah Tribe Trapping Program,https://wdfw.wa.gov/sites/default/files/2019-11/4_makah_aakmajian.pdf,NA,NA,NA
olive-snails,sandy-beach_olive-snails.html,NA,Maps - Density at Makah Bay,https://drive.google.com/file/d/1sZ4s2LRuLYIpxZMCDTlgRUr9-afX7yOz/view?usp=sharing,"Purple olive snail (*Olivella biplicata*) densities (count/m2) at northern Hobuck Beach, Makah Bay from 2014–2017. Source: Makah Tribe; Image: Akmajian et al., 2017.",NA,NA,NA,NA,NA,NA,NA
razor-clams,sandy-beach_razor-clams.html,NA,Trends - Kalaloch Beach,https://drive.google.com/file/d/1WWXvWWOxCLRM_39AUbq56DB_ARcofLXU/view?usp=sharing,"Average density (clams per m2) of razor clam recruits (≥76 mm) and pre-recruits (<76 mm) at Kalaloch Beach from 1997–2019. The Kalaloch razor clam management beach lies between Olympic National Park South Beach Campground and Brown’s Point. Pre-recruits are below the preferable catch size and recruits are above the preferable catch size. Source: WDFW; Fradkin, 2019; Image: D. Ayres/WDFW.",NA,NA,NA,NA,NA,NA,https://drive.google.com/file/d/1Njn_rwPEYdWLQ3yoLzFLPf4lNGRo4v0q/view?usp=sharing
razor-clams,sandy-beach_razor-clams.html,NA,Trends - Mocrocks Beach,https://drive.google.com/file/d/1EZm6a9ynEFF_9cKRgHM9te0dHIVT7uYx/view?usp=sharing,"Average density (clams per m2) of razor clam recruits (≥76 mm) and pre-recruits (<76 mm) at Mocrocks Beach from 1997–2020. The Mocrocks razor clam management beach lies between the Copalis River and the southern boundary of the Quinault Indian Reservation, just south of the Moclips River. Pre-recruits are below the preferable catch size and recruits are above the preferable catch size. Source: WDFW, 2020; Quinault Tribe, 2020; Image: D. Ayres/WDFW.",NA,NA,NA,NA,"Need link to updated graph unstacked data, error bars?",NA,https://drive.google.com/file/d/1Njn_rwPEYdWLQ3yoLzFLPf4lNGRo4v0q/view?usp=sharing
razor-clams,sandy-beach_razor-clams.html,NA,Trends - Pt. Grenville,https://drive.google.com/file/d/1rTb-zvvfiQ8pd1Ff8xxmxDVgGJhqaCPH/view?usp=sharing,"Average estimated summer density (clams per m2) of razor clam recruits (≥76 mm) and pre-recruits (<76 mm) from 2001–2018 for Point Grenville, an important tribal harvest area within the 23 miles of coastline encompassed by the reservation of the Quinault Indian Nation. Population estimates are based on transect densities that are averaged and then expanded across the estimated habitat available on each beach; error estimates have not been calculated. Source: Quinault Indian Nation, 2019; Image: J. Schumaker/Quinault Indian Nation.",NA,NA,NA,NA,NA,NA,https://drive.google.com/file/d/1jK_kn2COjAJqbtQ6G0UPk_5xVxXOELcw/view?usp=sharing
shellfish-closures,sandy-beach_shellfish-closures.html,NA,Trends - Biotoxin closures,https://drive.google.com/file/d/148For_pJOToOIie3cvqrtPn25NY3rzhJ/view?usp=sharing,"Shellfish harvest closure days at OCNMS beaches due to risks of Amnesic Shellfish Poisoning (ASP, top panel), Diarrhetic Shellfish Poisoning (DSP, middle panel), and Paralytic Shellfish Poisoning (PSP, bottom panel). Source: A. Coyne/Washington State Department of Health, personal communication, January 15, 2020; Image: A. Mabrouk/NOAA.",Shellfish Safety Information,https://fortress.wa.gov/doh/biotoxin/biotoxin.html,NA,NA,NA,NA,https://drive.google.com/file/d/1tCAFkKBzJXgxs15J--sZHQMAIcilEp0_/view?usp=sharing
shellfish-closures,sandy-beach_shellfish-closures.html,NA,"Trends - Domoic Acid, all beaches (CCIEA)",https://drive.google.com/file/d/1dOgYdxpRUDHqLP8VWfr97zUvfzSMmrc5/view?usp=sharing,"Maximum domoic acid levels in razor clams for the Washington coast (1991–2019). The vertical black line indicates the year of the last condition report (2008). The black dot ( ●) indicates that the mean for the last 10 years was within 1 standard deviation of the long-term mean. During the last 10 years, the trend increased (indicated by arrow ↗). The long-term mean is indicated by a green dashed line; solid green lines show ±1 standard deviation. Image: IEA, 2020.",Safe Shellfish Harvest Map,https://fortress.wa.gov/doh/biotoxin/biotoxin.html,NA,NA,NA,NA,NA
shellfish-closures,sandy-beach_shellfish-closures.html,NA,Trends - Kalaloch Domoic Acid Levels,https://drive.google.com/file/d/1GFI75Ek8JFyy38F0UOsgbFrq6aSRuPNf/view?usp=sharing,"Domoic acid levels in razor clams for Kalaloch Beach, OCNMS (1999–2021; note that 2021 data was not presented to workshop participants and was not considered when the rating for this question was determined). Dashed line shows the WDFW domoic acid threshold (20 ppm). Source: Washington Department of Health; WDFW, 2021; Image: Dan Ayres/WDFW.",WDFW Domoic Acid Monitoring,https://wdfw.wa.gov/fishing/basics/domoic-acid,Kalaloch domoic acid levels,https://wdfw.wa.gov/fishing/basics/domoic-acid/kalaloch,NA,NA,could we iFrame the interactive data graph shown on the website in the column J?
shellfish-closures,sandy-beach_shellfish-closures.html,NA,Trends - Mocrocks Domoic Acid Levels (CCIEA),https://drive.google.com/file/d/1e4bGPUdJoboVVgwiqIxl8m7Z8AjVHKVW/view?usp=sharing,"Maximum domoic acid levels in razor clams for Mocrocks Beach, OCNMS (1991–2019). The vertical black line indicates the year of the last condition report (2008). The black dot (●) indicates that the mean for the last 10 years was within 1 standard deviation of the long-term mean. During the last 10 years, the trend did not change (indicated by arrow →). Solid green lines show ±1 standard deviation. Image: IEA, 2020.",NA,NA,NA,NA,NA,NA,NA
shellfish-closures,sandy-beach_shellfish-closures.html,NA,Trends - Mocrocks Domoic Acid Levels (WDFW),https://drive.google.com/file/d/1CozKl54wZ4eFUOfICqQlN8PYJksSeFKd/view?usp=sharing,"Domoic acid levels in razor clams for Mocrocks Beach, OCNMS (1999–2021; note that 2021 data was not presented to workshop participants and was not considered when the rating for this question was determined). Dashed line shows the WDFW domoic acid threshold (20 ppm). Source: Washington Department of Health; WDFW, 2021; Image: Dan Ayres/WDFW.",WDFW Domoic Acid Monitoring,https://wdfw.wa.gov/fishing/basics/domoic-acid,Mocrocks domoic acid levels,https://wdfw.wa.gov/fishing/basics/domoic-acid/mocrocks,NA,NA,could we iFrame the interactive data graph shown on the website in the column J?
shorebirds,sandy-beach_shorebirds.html,NA,Trends - Cassin's Auklet carcasses,https://drive.google.com/file/d/1_Nov9OAyefLkY7n2QWkQE6GFpgz5XuOa/view?usp=sharing,"Encounter rates for dead Cassin’s auklets (*Ptychoramphus aleuticus*) from 2001–2018 from the California-Oregon border to Cape Flattery, Washington. The black dot (●) indicates that the 10-year mean (2010–2019, shaded in blue) is within one standard deviation of the long-term mean.The horizontal arrow (→) indicates no change in the 10-year trend. Source: COASST, 2020; Image: CCIEA, 2019.",Coastal Observation and Seabird Survey Team (COASST),https://coasst.org/,CCIEA ERDDAP,"https://oceanview.pfeg.noaa.gov/erddap/tabledap/cciea_B_AS_DENS.html?time,density_anomaly&species_cohort=%22Cassins%20auklet%20(No%20CC,%20Summer)%22",NA,NA,NA
shorebirds,sandy-beach_shorebirds.html,NA,Trends - Common Murre carcasses,https://drive.google.com/file/d/1iAfM0HAU-VxyYiY0WaREtpYGsddEb9Gw/view?usp=sharing,"Encounter rates for dead common murres (*Uria aalge*) from 2008–2020 for northern Washington. Image: COASST, 2020.",Coastal Observation and Seabird Survey Team (COASST),https://coasst.org/,COASST explore data App,http://3.223.50.225:3838/Explore-data/,NA,NA,NA
surfzone-fish,sandy-beach_surfzone-fish.html,NA,Trends - Abundance,NA,"Data not yet available, but we hope to include information soon.",NA,NA,NA,NA,Not in report - keep as data gap,NA,NA
dungeness-crab,sandy-seafloor_dungeness-crab.html,NA,Trends - landings,https://drive.google.com/file/d/11wno_HqN0ll8XBi-cnhUXXSeNMKdDwTT/view?usp=sharing,"Dungeness crab harvest (in metric tons) from 2000–2019 from Point Grenville to Cape Flattery in <55 m depths. Counts reflect tribal and non-tribal harvest data combined. The vertical line at 2008 marks the beginning of the assessment period for this report. Source: WDFW; J. Schumacker/ Quinault Indian Nation; Quinault Indian Nation, 2019; Image: J. Schumacker/ Quinault Indian Nation.",NA,NA,NA,NA,NA,NA,https://drive.google.com/file/d/1yBgSaAkFt72kVPwEctTdRYOfIG6OH8e3/view?usp=sharing
flatfishes,sandy-seafloor_flatfishes.html,NA,Trends - Abundance,NA,"Data not yet available, but we hope to include information soon.",NA,NA,NA,NA,Not in report - keep as data gap,NA,NA
forage-fish,sandy-seafloor_forage-fish.html,NA,Trends - Abundance,NA,"Data not yet available, but we hope to include information soon.",NA,NA,NA,NA,Not in report,NA,NA
sea-otters,sandy-seafloor_sea-otters.html,NA,Trends - Sea otter abundance,https://drive.google.com/file/d/1gICe7yDGS1j2NU3qTromeE_UAdnJd6iL/view?usp=sharing,"Uncorrected estimated minimum number of sea otters (from annual summer aerial surveys) in Washington, including areas north and south of La Push from 1989–2019. Line denotes the trend for Washington. Image: Jeffries et al., 2019.",USFWS Sea Otter Surveys in Washington,https://www.fws.gov/wafwo/articles.cfm?id=149489657,Jefferies et al. 2019,https://www.fws.gov/wafwo/documents/WASeaOtterSurvey2019.pdf,NA,NA,NA
NA,NA,NA,Map - OCNMS moorings,https://drive.google.com/file/d/1oyDgHKdwLEIv3pmMqI_cAXyDGI2jtyoL/view?usp=sharing,"The location of ten long-term coastal oceanographic moorings within OCNMS and six MARINe sites (long-term intertidal sites), which are monitored annually. Image: NOAA.",NA,NA,NA,NA,NA,NA,NA
NA,NA,NA,Map of monitoring sites,https://drive.google.com/file/d/1oyDgHKdwLEIv3pmMqI_cAXyDGI2jtyoL/view?usp=sharing,"The location of ten long-term coastal oceanographic moorings within OCNMS and six MARINe sites (long-term intertidal sites), which are monitored annually. Image: NOAA.",NA,NA,NA,NA,NEW,NA,NA
NA,NA,NA,NA,NA,NA,NA,NA,NA,NA,NA,NA,NA
NA,NA,NA,NA,NA,NA,NA,NA,NA,NA,NA,NA,NA
NA,NA,NA,NA,NA,NA,NA,NA,NA,NA,NA,NA,NA
NA,NA,NA,Map - EMUs,https://drive.google.com/file/d/16Jynhf9R4j4s6w7-srf70OzCKXh9S0Dl/view?usp=sharing,Map showing ecological marine units as defined in the habitat framework developed by the Washington Intergovernmental Policy Council. Source: Northwest Indian Fisheries Commission.,NA,NA,NA,NA,this is more about habitats than terrain complexity; consider if/how to include in the tool,NA,NA
NA,NA,NA,Map - Cascadia subduction zone,https://drive.google.com/file/d/1BuRobni99ltBvWuW5dxTAEksukew2O0Z/view?usp=sharing,Map showing the location of the Cascadia Subduction Zone. Image: Mustafa Lazkani/Federal Emergency Management Agency.,NA,NA,NA,NA,this is more about habitats than terrain complexity; consider if/how to include in the tool,NA,NA
NA,NA,NA,Map - methane seeps,https://drive.google.com/file/d/1AZCi4iHIYA96yyK9bZl5u-vEqHhIvcLl/view?usp=sharing,Locations of known methane seeps in and adjacent to OCNMS. Source: Andrew Thurber/OSU and NOAA; Image: NOAA.,NA,NA,NA,NA,this is more about habitats than terrain complexity; consider if/how to include in the tool,NA,NA
