site,date,count,nms,sp,sp_method
Harris Point,2010-01-01,1,CINMS,HENSPP,GSES
Johnsons Lee,2008-01-01,4,CINMS,HENSPP,GSES
CINMS,2008-06-15,4,CINMS,HENSPP,GSES
CINMS,2010-06-15,1,CINMS,HENSPP,GSES
Crook Point,2007-01-01,1,CINMS,LEPTAS,GSES
East Point,2008-01-01,1,CINMS,LEPTAS,GSES
Fossil Reef,2008-01-01,1,CINMS,LEPTAS,GSES
Harris Point,2009-01-01,4,CINMS,LEPTAS,GSES
Harris Point,2010-01-01,2,CINMS,LEPTAS,GSES
Harris Point,2014-01-01,1,CINMS,LEPTAS,GSES
NW Talcott,2009-01-01,2,CINMS,LEPTAS,GSES
CINMS,2007-06-15,1,CINMS,LEPTAS,GSES
CINMS,2008-06-15,1,CINMS,LEPTAS,GSES
CINMS,2009-06-15,3,CINMS,LEPTAS,GSES
CINMS,2010-06-15,2,CINMS,LEPTAS,GSES
CINMS,2014-06-15,1,CINMS,LEPTAS,GSES
Cat Rock,2014-01-01,0,CINMS,PATMIN,GSES
Crook Point,2007-01-01,1,CINMS,PATMIN,GSES
Crook Point,2014-01-01,0,CINMS,PATMIN,GSES
Cuyler Harbor,2003-01-01,3,CINMS,PATMIN,GSES
Cuyler Harbor,2004-01-01,1,CINMS,PATMIN,GSES
Cuyler Harbor,2009-01-01,2,CINMS,PATMIN,GSES
Cuyler Harbor,2012-01-01,1,CINMS,PATMIN,GSES
Cuyler Harbor,2014-01-01,1,CINMS,PATMIN,GSES
East Point,2002-01-01,1,CINMS,PATMIN,GSES
East Point,2003-01-01,2,CINMS,PATMIN,GSES
East Point,2004-01-01,2,CINMS,PATMIN,GSES
East Point,2009-01-01,3,CINMS,PATMIN,GSES
East Point,2013-01-01,1,CINMS,PATMIN,GSES
East Point,2014-01-01,1,CINMS,PATMIN,GSES
Ford Point,2014-01-01,1,CINMS,PATMIN,GSES
Fossil Reef,2001-01-01,1,CINMS,PATMIN,GSES
Fossil Reef,2002-01-01,1,CINMS,PATMIN,GSES
Fossil Reef,2003-01-01,1.5,CINMS,PATMIN,GSES
Fossil Reef,2005-01-01,4,CINMS,PATMIN,GSES
Fossil Reef,2008-01-01,3,CINMS,PATMIN,GSES
Fossil Reef,2009-01-01,2,CINMS,PATMIN,GSES
Fossil Reef,2011-01-01,6,CINMS,PATMIN,GSES
Fossil Reef,2014-01-01,2,CINMS,PATMIN,GSES
Fossil Reef,2019-01-01,1,CINMS,PATMIN,GSES
Fraser Cove,2014-01-01,0,CINMS,PATMIN,GSES
Harris Point,2000-01-01,1.5,CINMS,PATMIN,GSES
Harris Point,2001-01-01,1,CINMS,PATMIN,GSES
Harris Point,2002-01-01,7,CINMS,PATMIN,GSES
Harris Point,2003-01-01,7,CINMS,PATMIN,GSES
Harris Point,2004-01-01,6.5,CINMS,PATMIN,GSES
Harris Point,2005-01-01,14,CINMS,PATMIN,GSES
Harris Point,2006-01-01,5,CINMS,PATMIN,GSES
Harris Point,2007-01-01,4.5,CINMS,PATMIN,GSES
Harris Point,2008-01-01,3,CINMS,PATMIN,GSES
Harris Point,2009-01-01,6,CINMS,PATMIN,GSES
Harris Point,2010-01-01,11.5,CINMS,PATMIN,GSES
Harris Point,2011-01-01,4,CINMS,PATMIN,GSES
Harris Point,2012-01-01,7,CINMS,PATMIN,GSES
Harris Point,2014-01-01,6,CINMS,PATMIN,GSES
Harris Point,2019-01-01,5,CINMS,PATMIN,GSES
Johnsons Lee,2014-01-01,1,CINMS,PATMIN,GSES
Johnsons Lee,2015-01-01,1,CINMS,PATMIN,GSES
Landing Cove,2014-01-01,0,CINMS,PATMIN,GSES
Middle West,2014-01-01,0,CINMS,PATMIN,GSES
Middle West,2017-01-01,1,CINMS,PATMIN,GSES
NW Talcott,2000-01-01,3,CINMS,PATMIN,GSES
NW Talcott,2001-01-01,1,CINMS,PATMIN,GSES
NW Talcott,2002-01-01,10,CINMS,PATMIN,GSES
NW Talcott,2004-01-01,2,CINMS,PATMIN,GSES
NW Talcott,2005-01-01,2,CINMS,PATMIN,GSES
NW Talcott,2007-01-01,2,CINMS,PATMIN,GSES
NW Talcott,2008-01-01,2.5,CINMS,PATMIN,GSES
NW Talcott,2009-01-01,1,CINMS,PATMIN,GSES
NW Talcott,2011-01-01,5,CINMS,PATMIN,GSES
Orizaba Cove,2009-01-01,1,CINMS,PATMIN,GSES
Orizaba Cove,2014-01-01,0,CINMS,PATMIN,GSES
Otter Harbor,2000-01-01,2,CINMS,PATMIN,GSES
Otter Harbor,2001-01-01,2,CINMS,PATMIN,GSES
Otter Harbor,2002-01-01,1,CINMS,PATMIN,GSES
Otter Harbor,2003-01-01,2,CINMS,PATMIN,GSES
Otter Harbor,2004-01-01,1,CINMS,PATMIN,GSES
Otter Harbor,2005-01-01,1,CINMS,PATMIN,GSES
Otter Harbor,2006-01-01,1,CINMS,PATMIN,GSES
Otter Harbor,2008-01-01,1.5,CINMS,PATMIN,GSES
Otter Harbor,2009-01-01,4.5,CINMS,PATMIN,GSES
Otter Harbor,2010-01-01,1,CINMS,PATMIN,GSES
Otter Harbor,2012-01-01,1,CINMS,PATMIN,GSES
Otter Harbor,2014-01-01,0,CINMS,PATMIN,GSES
Prisoners Harbor,2014-01-01,0,CINMS,PATMIN,GSES
S Frenchys Cove,2014-01-01,0,CINMS,PATMIN,GSES
Scorpion Rock,2008-01-01,2,CINMS,PATMIN,GSES
Scorpion Rock,2011-01-01,4,CINMS,PATMIN,GSES
Scorpion Rock,2014-01-01,0,CINMS,PATMIN,GSES
Sea Lion Rookery,2014-01-01,0,CINMS,PATMIN,GSES
Trailer,2000-01-01,1,CINMS,PATMIN,GSES
Trailer,2001-01-01,2.5,CINMS,PATMIN,GSES
Trailer,2008-01-01,1,CINMS,PATMIN,GSES
Trailer,2010-01-01,1,CINMS,PATMIN,GSES
Trailer,2012-01-01,1,CINMS,PATMIN,GSES
Trailer,2014-01-01,0,CINMS,PATMIN,GSES
Willows Anchorage,2000-01-01,2.5,CINMS,PATMIN,GSES
Willows Anchorage,2001-01-01,2,CINMS,PATMIN,GSES
Willows Anchorage,2002-01-01,3,CINMS,PATMIN,GSES
Willows Anchorage,2008-01-01,1,CINMS,PATMIN,GSES
Willows Anchorage,2009-01-01,2,CINMS,PATMIN,GSES
Willows Anchorage,2010-01-01,1,CINMS,PATMIN,GSES
Willows Anchorage,2014-01-01,0,CINMS,PATMIN,GSES
CINMS,2000-06-15,2,CINMS,PATMIN,GSES
CINMS,2001-06-15,1.5833333333333333,CINMS,PATMIN,GSES
CINMS,2002-06-15,3.8333333333333335,CINMS,PATMIN,GSES
CINMS,2003-06-15,3.1,CINMS,PATMIN,GSES
CINMS,2004-06-15,2.5,CINMS,PATMIN,GSES
CINMS,2005-06-15,5.25,CINMS,PATMIN,GSES
CINMS,2006-06-15,3,CINMS,PATMIN,GSES
CINMS,2007-06-15,2.5,CINMS,PATMIN,GSES
CINMS,2008-06-15,2,CINMS,PATMIN,GSES
CINMS,2009-06-15,2.6875,CINMS,PATMIN,GSES
CINMS,2010-06-15,3.625,CINMS,PATMIN,GSES
CINMS,2011-06-15,4.75,CINMS,PATMIN,GSES
CINMS,2012-06-15,2.5,CINMS,PATMIN,GSES
CINMS,2013-06-15,1,CINMS,PATMIN,GSES
CINMS,2014-06-15,0.631578947368421,CINMS,PATMIN,GSES
CINMS,2015-06-15,1,CINMS,PATMIN,GSES
CINMS,2017-06-15,1,CINMS,PATMIN,GSES
CINMS,2019-06-15,3,CINMS,PATMIN,GSES
Cat Rock,2002-01-01,1,CINMS,PISGIG,GSES
Cat Rock,2003-01-01,1,CINMS,PISGIG,GSES
Cat Rock,2007-01-01,2,CINMS,PISGIG,GSES
Cat Rock,2008-01-01,1,CINMS,PISGIG,GSES
Cat Rock,2014-01-01,0,CINMS,PISGIG,GSES
Crook Point,2007-01-01,1,CINMS,PISGIG,GSES
Crook Point,2014-01-01,0,CINMS,PISGIG,GSES
Cuyler Harbor,2003-01-01,1,CINMS,PISGIG,GSES
Cuyler Harbor,2004-01-01,2,CINMS,PISGIG,GSES
Cuyler Harbor,2014-01-01,0,CINMS,PISGIG,GSES
Cuyler Harbor,2019-01-01,1,CINMS,PISGIG,GSES
East Point,2002-01-01,1,CINMS,PISGIG,GSES
East Point,2004-01-01,1.5,CINMS,PISGIG,GSES
East Point,2005-01-01,2,CINMS,PISGIG,GSES
East Point,2007-01-01,1,CINMS,PISGIG,GSES
East Point,2017-01-01,1,CINMS,PISGIG,GSES
East Point,2019-01-01,1,CINMS,PISGIG,GSES
Ford Point,2002-01-01,4.5,CINMS,PISGIG,GSES
Ford Point,2004-01-01,2,CINMS,PISGIG,GSES
Ford Point,2005-01-01,6,CINMS,PISGIG,GSES
Ford Point,2006-01-01,1,CINMS,PISGIG,GSES
Ford Point,2007-01-01,1,CINMS,PISGIG,GSES
Fossil Reef,2001-01-01,1,CINMS,PISGIG,GSES
Fossil Reef,2002-01-01,1,CINMS,PISGIG,GSES
Fossil Reef,2003-01-01,47,CINMS,PISGIG,GSES
Fossil Reef,2004-01-01,1,CINMS,PISGIG,GSES
Fossil Reef,2005-01-01,8,CINMS,PISGIG,GSES
Fossil Reef,2008-01-01,2,CINMS,PISGIG,GSES
Fossil Reef,2009-01-01,2,CINMS,PISGIG,GSES
Fossil Reef,2011-01-01,4,CINMS,PISGIG,GSES
Fossil Reef,2012-01-01,1,CINMS,PISGIG,GSES
Fossil Reef,2013-01-01,1,CINMS,PISGIG,GSES
Fraser Cove,2006-01-01,1,CINMS,PISGIG,GSES
Fraser Cove,2011-01-01,1,CINMS,PISGIG,GSES
Fraser Cove,2012-01-01,1,CINMS,PISGIG,GSES
Fraser Cove,2014-01-01,0,CINMS,PISGIG,GSES
Harris Point,2000-01-01,2,CINMS,PISGIG,GSES
Harris Point,2004-01-01,1,CINMS,PISGIG,GSES
Harris Point,2005-01-01,4,CINMS,PISGIG,GSES
Harris Point,2006-01-01,1,CINMS,PISGIG,GSES
Harris Point,2007-01-01,2.5,CINMS,PISGIG,GSES
Harris Point,2008-01-01,1,CINMS,PISGIG,GSES
Harris Point,2009-01-01,2,CINMS,PISGIG,GSES
Harris Point,2010-01-01,2,CINMS,PISGIG,GSES
Harris Point,2013-01-01,2,CINMS,PISGIG,GSES
Harris Point,2014-01-01,0,CINMS,PISGIG,GSES
Johnsons Lee,2003-01-01,1,CINMS,PISGIG,GSES
Johnsons Lee,2004-01-01,1.5,CINMS,PISGIG,GSES
Johnsons Lee,2005-01-01,5,CINMS,PISGIG,GSES
Johnsons Lee,2008-01-01,1,CINMS,PISGIG,GSES
Johnsons Lee,2009-01-01,1,CINMS,PISGIG,GSES
Johnsons Lee,2013-01-01,1,CINMS,PISGIG,GSES
Landing Cove,2014-01-01,0,CINMS,PISGIG,GSES
Middle West,2000-01-01,4,CINMS,PISGIG,GSES
Middle West,2007-01-01,1,CINMS,PISGIG,GSES
Middle West,2014-01-01,0,CINMS,PISGIG,GSES
NW Talcott,2000-01-01,4.5,CINMS,PISGIG,GSES
NW Talcott,2001-01-01,2,CINMS,PISGIG,GSES
NW Talcott,2002-01-01,6,CINMS,PISGIG,GSES
NW Talcott,2003-01-01,1,CINMS,PISGIG,GSES
NW Talcott,2004-01-01,1.5,CINMS,PISGIG,GSES
NW Talcott,2005-01-01,11,CINMS,PISGIG,GSES
NW Talcott,2006-01-01,1,CINMS,PISGIG,GSES
NW Talcott,2008-01-01,7,CINMS,PISGIG,GSES
NW Talcott,2009-01-01,1.5,CINMS,PISGIG,GSES
NW Talcott,2011-01-01,9.5,CINMS,PISGIG,GSES
NW Talcott,2013-01-01,5,CINMS,PISGIG,GSES
Orizaba Cove,2000-01-01,1,CINMS,PISGIG,GSES
Orizaba Cove,2003-01-01,1,CINMS,PISGIG,GSES
Orizaba Cove,2005-01-01,1,CINMS,PISGIG,GSES
Orizaba Cove,2009-01-01,4,CINMS,PISGIG,GSES
Orizaba Cove,2014-01-01,0,CINMS,PISGIG,GSES
Otter Harbor,2000-01-01,3,CINMS,PISGIG,GSES
Otter Harbor,2001-01-01,2.5,CINMS,PISGIG,GSES
Otter Harbor,2002-01-01,4,CINMS,PISGIG,GSES
Otter Harbor,2003-01-01,4,CINMS,PISGIG,GSES
Otter Harbor,2004-01-01,1,CINMS,PISGIG,GSES
Otter Harbor,2005-01-01,5.5,CINMS,PISGIG,GSES
Otter Harbor,2006-01-01,7,CINMS,PISGIG,GSES
Otter Harbor,2007-01-01,2,CINMS,PISGIG,GSES
Otter Harbor,2008-01-01,14,CINMS,PISGIG,GSES
Otter Harbor,2009-01-01,9.5,CINMS,PISGIG,GSES
Otter Harbor,2010-01-01,6,CINMS,PISGIG,GSES
Otter Harbor,2011-01-01,4,CINMS,PISGIG,GSES
Otter Harbor,2012-01-01,3,CINMS,PISGIG,GSES
Otter Harbor,2013-01-01,6,CINMS,PISGIG,GSES
Otter Harbor,2014-01-01,0,CINMS,PISGIG,GSES
Prisoners Harbor,2001-01-01,1,CINMS,PISGIG,GSES
Prisoners Harbor,2002-01-01,2,CINMS,PISGIG,GSES
Prisoners Harbor,2003-01-01,1,CINMS,PISGIG,GSES
Prisoners Harbor,2007-01-01,1,CINMS,PISGIG,GSES
Prisoners Harbor,2009-01-01,1,CINMS,PISGIG,GSES
Prisoners Harbor,2011-01-01,3,CINMS,PISGIG,GSES
Prisoners Harbor,2014-01-01,0,CINMS,PISGIG,GSES
S Frenchys Cove,2014-01-01,0,CINMS,PISGIG,GSES
Scorpion Rock,2002-01-01,7,CINMS,PISGIG,GSES
Scorpion Rock,2003-01-01,2.5,CINMS,PISGIG,GSES
Scorpion Rock,2008-01-01,1,CINMS,PISGIG,GSES
Scorpion Rock,2009-01-01,1,CINMS,PISGIG,GSES
Scorpion Rock,2010-01-01,1.5,CINMS,PISGIG,GSES
Scorpion Rock,2011-01-01,3,CINMS,PISGIG,GSES
Scorpion Rock,2014-01-01,0,CINMS,PISGIG,GSES
Scorpion Rock,2016-01-01,2,CINMS,PISGIG,GSES
Sea Lion Rookery,2011-01-01,1,CINMS,PISGIG,GSES
Sea Lion Rookery,2014-01-01,1,CINMS,PISGIG,GSES
Trailer,2000-01-01,1,CINMS,PISGIG,GSES
Trailer,2001-01-01,6,CINMS,PISGIG,GSES
Trailer,2002-01-01,9,CINMS,PISGIG,GSES
Trailer,2003-01-01,4,CINMS,PISGIG,GSES
Trailer,2006-01-01,3,CINMS,PISGIG,GSES
Trailer,2014-01-01,0,CINMS,PISGIG,GSES
Willows Anchorage,2000-01-01,3.5,CINMS,PISGIG,GSES
Willows Anchorage,2002-01-01,2,CINMS,PISGIG,GSES
Willows Anchorage,2007-01-01,1,CINMS,PISGIG,GSES
Willows Anchorage,2010-01-01,1,CINMS,PISGIG,GSES
Willows Anchorage,2014-01-01,0,CINMS,PISGIG,GSES
CINMS,2000-06-15,2.7142857142857144,CINMS,PISGIG,GSES
CINMS,2001-06-15,2.5,CINMS,PISGIG,GSES
CINMS,2002-06-15,3.75,CINMS,PISGIG,GSES
CINMS,2003-06-15,6.35,CINMS,PISGIG,GSES
CINMS,2004-06-15,1.4375,CINMS,PISGIG,GSES
CINMS,2005-06-15,5.3125,CINMS,PISGIG,GSES
CINMS,2006-06-15,2.3333333333333335,CINMS,PISGIG,GSES
CINMS,2007-06-15,1.3888888888888888,CINMS,PISGIG,GSES
CINMS,2008-06-15,3.857142857142857,CINMS,PISGIG,GSES
CINMS,2009-06-15,2.75,CINMS,PISGIG,GSES
CINMS,2010-06-15,2.625,CINMS,PISGIG,GSES
CINMS,2011-06-15,3.642857142857143,CINMS,PISGIG,GSES
CINMS,2012-06-15,1.6666666666666667,CINMS,PISGIG,GSES
CINMS,2013-06-15,3,CINMS,PISGIG,GSES
CINMS,2014-06-15,0.06666666666666667,CINMS,PISGIG,GSES
CINMS,2016-06-15,2,CINMS,PISGIG,GSES
CINMS,2017-06-15,1,CINMS,PISGIG,GSES
CINMS,2019-06-15,1,CINMS,PISGIG,GSES
Cat Rock,2000-01-01,0,CINMS,PISOCH,GSES
Cat Rock,2001-01-01,0,CINMS,PISOCH,GSES
Cat Rock,2002-01-01,4.5,CINMS,PISOCH,GSES
Cat Rock,2003-01-01,3.5,CINMS,PISOCH,GSES
Cat Rock,2004-01-01,3,CINMS,PISOCH,GSES
Cat Rock,2005-01-01,2,CINMS,PISOCH,GSES
Cat Rock,2006-01-01,0,CINMS,PISOCH,GSES
Cat Rock,2007-01-01,5,CINMS,PISOCH,GSES
Cat Rock,2008-01-01,15,CINMS,PISOCH,GSES
Cat Rock,2009-01-01,7,CINMS,PISOCH,GSES
Cat Rock,2010-01-01,5,CINMS,PISOCH,GSES
Cat Rock,2011-01-01,5,CINMS,PISOCH,GSES
Cat Rock,2012-01-01,22,CINMS,PISOCH,GSES
Cat Rock,2013-01-01,11,CINMS,PISOCH,GSES
Cat Rock,2015-01-01,0,CINMS,PISOCH,GSES
Crook Point,2000-01-01,79,CINMS,PISOCH,GSES
Crook Point,2001-01-01,155,CINMS,PISOCH,GSES
Crook Point,2002-01-01,60,CINMS,PISOCH,GSES
Crook Point,2003-01-01,106,CINMS,PISOCH,GSES
Crook Point,2004-01-01,13,CINMS,PISOCH,GSES
Crook Point,2005-01-01,57,CINMS,PISOCH,GSES
Crook Point,2006-01-01,1,CINMS,PISOCH,GSES
Crook Point,2007-01-01,20,CINMS,PISOCH,GSES
Crook Point,2008-01-01,40,CINMS,PISOCH,GSES
Crook Point,2009-01-01,59,CINMS,PISOCH,GSES
Crook Point,2010-01-01,83,CINMS,PISOCH,GSES
Crook Point,2011-01-01,31,CINMS,PISOCH,GSES
Crook Point,2012-01-01,2,CINMS,PISOCH,GSES
Crook Point,2013-01-01,13,CINMS,PISOCH,GSES
Cuyler Harbor,2000-01-01,3,CINMS,PISOCH,GSES
Cuyler Harbor,2001-01-01,17,CINMS,PISOCH,GSES
Cuyler Harbor,2002-01-01,24.5,CINMS,PISOCH,GSES
Cuyler Harbor,2003-01-01,11,CINMS,PISOCH,GSES
Cuyler Harbor,2004-01-01,48,CINMS,PISOCH,GSES
Cuyler Harbor,2005-01-01,34,CINMS,PISOCH,GSES
Cuyler Harbor,2006-01-01,149,CINMS,PISOCH,GSES
Cuyler Harbor,2007-01-01,97,CINMS,PISOCH,GSES
Cuyler Harbor,2008-01-01,62,CINMS,PISOCH,GSES
Cuyler Harbor,2009-01-01,36,CINMS,PISOCH,GSES
Cuyler Harbor,2010-01-01,34,CINMS,PISOCH,GSES
Cuyler Harbor,2012-01-01,5.5,CINMS,PISOCH,GSES
Cuyler Harbor,2013-01-01,26,CINMS,PISOCH,GSES
East Point,2000-01-01,63.5,CINMS,PISOCH,GSES
East Point,2001-01-01,38,CINMS,PISOCH,GSES
East Point,2002-01-01,99,CINMS,PISOCH,GSES
East Point,2003-01-01,112.5,CINMS,PISOCH,GSES
East Point,2004-01-01,43,CINMS,PISOCH,GSES
East Point,2005-01-01,83.5,CINMS,PISOCH,GSES
East Point,2007-01-01,247,CINMS,PISOCH,GSES
East Point,2008-01-01,496,CINMS,PISOCH,GSES
East Point,2009-01-01,706.5,CINMS,PISOCH,GSES
East Point,2011-01-01,151.5,CINMS,PISOCH,GSES
East Point,2012-01-01,189,CINMS,PISOCH,GSES
East Point,2013-01-01,7,CINMS,PISOCH,GSES
East Point,2015-01-01,4,CINMS,PISOCH,GSES
Ford Point,2000-01-01,96.5,CINMS,PISOCH,GSES
Ford Point,2001-01-01,150,CINMS,PISOCH,GSES
Ford Point,2002-01-01,420,CINMS,PISOCH,GSES
Ford Point,2004-01-01,298,CINMS,PISOCH,GSES
Ford Point,2005-01-01,197,CINMS,PISOCH,GSES
Ford Point,2006-01-01,370,CINMS,PISOCH,GSES
Ford Point,2007-01-01,505,CINMS,PISOCH,GSES
Ford Point,2008-01-01,305.5,CINMS,PISOCH,GSES
Ford Point,2009-01-01,306,CINMS,PISOCH,GSES
Ford Point,2011-01-01,279.5,CINMS,PISOCH,GSES
Ford Point,2012-01-01,206,CINMS,PISOCH,GSES
Ford Point,2013-01-01,23,CINMS,PISOCH,GSES
Ford Point,2014-01-01,2,CINMS,PISOCH,GSES
Ford Point,2017-01-01,6,CINMS,PISOCH,GSES
Fossil Reef,2000-01-01,14.5,CINMS,PISOCH,GSES
Fossil Reef,2001-01-01,43,CINMS,PISOCH,GSES
Fossil Reef,2002-01-01,41.5,CINMS,PISOCH,GSES
Fossil Reef,2003-01-01,171,CINMS,PISOCH,GSES
Fossil Reef,2004-01-01,89,CINMS,PISOCH,GSES
Fossil Reef,2005-01-01,216.5,CINMS,PISOCH,GSES
Fossil Reef,2007-01-01,35,CINMS,PISOCH,GSES
Fossil Reef,2008-01-01,176,CINMS,PISOCH,GSES
Fossil Reef,2009-01-01,111.5,CINMS,PISOCH,GSES
Fossil Reef,2011-01-01,237,CINMS,PISOCH,GSES
Fossil Reef,2012-01-01,129,CINMS,PISOCH,GSES
Fossil Reef,2013-01-01,132,CINMS,PISOCH,GSES
Fossil Reef,2019-01-01,0,CINMS,PISOCH,GSES
Fraser Cove,2000-01-01,3.5,CINMS,PISOCH,GSES
Fraser Cove,2001-01-01,1.5,CINMS,PISOCH,GSES
Fraser Cove,2002-01-01,30.5,CINMS,PISOCH,GSES
Fraser Cove,2003-01-01,75,CINMS,PISOCH,GSES
Fraser Cove,2004-01-01,41,CINMS,PISOCH,GSES
Fraser Cove,2005-01-01,33,CINMS,PISOCH,GSES
Fraser Cove,2008-01-01,271,CINMS,PISOCH,GSES
Fraser Cove,2009-01-01,246,CINMS,PISOCH,GSES
Fraser Cove,2010-01-01,192,CINMS,PISOCH,GSES
Fraser Cove,2011-01-01,121,CINMS,PISOCH,GSES
Fraser Cove,2012-01-01,111,CINMS,PISOCH,GSES
Fraser Cove,2013-01-01,3,CINMS,PISOCH,GSES
Fraser Cove,2019-01-01,0,CINMS,PISOCH,GSES
Harris Point,2000-01-01,3,CINMS,PISOCH,GSES
Harris Point,2001-01-01,2,CINMS,PISOCH,GSES
Harris Point,2002-01-01,5,CINMS,PISOCH,GSES
Harris Point,2003-01-01,2,CINMS,PISOCH,GSES
Harris Point,2005-01-01,4,CINMS,PISOCH,GSES
Harris Point,2008-01-01,4.5,CINMS,PISOCH,GSES
Harris Point,2009-01-01,13,CINMS,PISOCH,GSES
Harris Point,2011-01-01,21,CINMS,PISOCH,GSES
Harris Point,2012-01-01,18,CINMS,PISOCH,GSES
Harris Point,2016-01-01,0,CINMS,PISOCH,GSES
Harris Point,2017-01-01,0,CINMS,PISOCH,GSES
Harris Point,2019-01-01,0,CINMS,PISOCH,GSES
Johnsons Lee,2000-01-01,140,CINMS,PISOCH,GSES
Johnsons Lee,2001-01-01,147.5,CINMS,PISOCH,GSES
Johnsons Lee,2002-01-01,428,CINMS,PISOCH,GSES
Johnsons Lee,2003-01-01,114,CINMS,PISOCH,GSES
Johnsons Lee,2004-01-01,376,CINMS,PISOCH,GSES
Johnsons Lee,2005-01-01,441.5,CINMS,PISOCH,GSES
Johnsons Lee,2006-01-01,90,CINMS,PISOCH,GSES
Johnsons Lee,2007-01-01,220,CINMS,PISOCH,GSES
Johnsons Lee,2008-01-01,202.5,CINMS,PISOCH,GSES
Johnsons Lee,2009-01-01,388.5,CINMS,PISOCH,GSES
Johnsons Lee,2011-01-01,162,CINMS,PISOCH,GSES
Johnsons Lee,2012-01-01,281.5,CINMS,PISOCH,GSES
Johnsons Lee,2015-01-01,4,CINMS,PISOCH,GSES
Landing Cove,2001-01-01,131,CINMS,PISOCH,GSES
Landing Cove,2002-01-01,299,CINMS,PISOCH,GSES
Landing Cove,2003-01-01,309,CINMS,PISOCH,GSES
Landing Cove,2007-01-01,265,CINMS,PISOCH,GSES
Landing Cove,2008-01-01,124,CINMS,PISOCH,GSES
Landing Cove,2009-01-01,381,CINMS,PISOCH,GSES
Landing Cove,2010-01-01,254,CINMS,PISOCH,GSES
Landing Cove,2011-01-01,59,CINMS,PISOCH,GSES
Landing Cove,2013-01-01,121,CINMS,PISOCH,GSES
Landing Cove,2016-01-01,0,CINMS,PISOCH,GSES
Landing Cove,2018-01-01,0,CINMS,PISOCH,GSES
Middle West,2000-01-01,60,CINMS,PISOCH,GSES
Middle West,2002-01-01,201,CINMS,PISOCH,GSES
Middle West,2003-01-01,215.5,CINMS,PISOCH,GSES
Middle West,2005-01-01,38,CINMS,PISOCH,GSES
Middle West,2007-01-01,302,CINMS,PISOCH,GSES
Middle West,2008-01-01,622.5,CINMS,PISOCH,GSES
Middle West,2009-01-01,439,CINMS,PISOCH,GSES
Middle West,2010-01-01,247,CINMS,PISOCH,GSES
Middle West,2011-01-01,353,CINMS,PISOCH,GSES
Middle West,2012-01-01,243,CINMS,PISOCH,GSES
Middle West,2013-01-01,228,CINMS,PISOCH,GSES
NW Talcott,2004-01-01,1.5,CINMS,PISOCH,GSES
NW Talcott,2011-01-01,0,CINMS,PISOCH,GSES
NW Talcott,2012-01-01,3,CINMS,PISOCH,GSES
NW Talcott,2015-01-01,0,CINMS,PISOCH,GSES
NW Talcott,2017-01-01,0,CINMS,PISOCH,GSES
Orizaba Cove,2000-01-01,39,CINMS,PISOCH,GSES
Orizaba Cove,2001-01-01,6,CINMS,PISOCH,GSES
Orizaba Cove,2002-01-01,145,CINMS,PISOCH,GSES
Orizaba Cove,2003-01-01,131,CINMS,PISOCH,GSES
Orizaba Cove,2005-01-01,169,CINMS,PISOCH,GSES
Orizaba Cove,2006-01-01,102.5,CINMS,PISOCH,GSES
Orizaba Cove,2007-01-01,307.5,CINMS,PISOCH,GSES
Orizaba Cove,2008-01-01,439,CINMS,PISOCH,GSES
Orizaba Cove,2009-01-01,537,CINMS,PISOCH,GSES
Orizaba Cove,2010-01-01,212,CINMS,PISOCH,GSES
Orizaba Cove,2011-01-01,266,CINMS,PISOCH,GSES
Orizaba Cove,2019-01-01,2,CINMS,PISOCH,GSES
Otter Harbor,2000-01-01,22,CINMS,PISOCH,GSES
Otter Harbor,2001-01-01,20.5,CINMS,PISOCH,GSES
Otter Harbor,2002-01-01,31.5,CINMS,PISOCH,GSES
Otter Harbor,2003-01-01,1,CINMS,PISOCH,GSES
Otter Harbor,2005-01-01,6,CINMS,PISOCH,GSES
Otter Harbor,2008-01-01,242,CINMS,PISOCH,GSES
Otter Harbor,2009-01-01,53,CINMS,PISOCH,GSES
Otter Harbor,2010-01-01,23,CINMS,PISOCH,GSES
Otter Harbor,2012-01-01,30,CINMS,PISOCH,GSES
Otter Harbor,2013-01-01,34,CINMS,PISOCH,GSES
Otter Harbor,2018-01-01,0,CINMS,PISOCH,GSES
Prisoners Harbor,2000-01-01,5.5,CINMS,PISOCH,GSES
Prisoners Harbor,2001-01-01,20,CINMS,PISOCH,GSES
Prisoners Harbor,2002-01-01,79.5,CINMS,PISOCH,GSES
Prisoners Harbor,2004-01-01,43.5,CINMS,PISOCH,GSES
Prisoners Harbor,2005-01-01,11,CINMS,PISOCH,GSES
Prisoners Harbor,2006-01-01,8,CINMS,PISOCH,GSES
Prisoners Harbor,2008-01-01,91,CINMS,PISOCH,GSES
Prisoners Harbor,2009-01-01,33,CINMS,PISOCH,GSES
Prisoners Harbor,2010-01-01,49,CINMS,PISOCH,GSES
Prisoners Harbor,2011-01-01,6,CINMS,PISOCH,GSES
Prisoners Harbor,2012-01-01,15.5,CINMS,PISOCH,GSES
Prisoners Harbor,2013-01-01,8,CINMS,PISOCH,GSES
Prisoners Harbor,2014-01-01,0,CINMS,PISOCH,GSES
Prisoners Harbor,2015-01-01,0,CINMS,PISOCH,GSES
Prisoners Harbor,2016-01-01,0,CINMS,PISOCH,GSES
S Frenchys Cove,2000-01-01,0,CINMS,PISOCH,GSES
S Frenchys Cove,2001-01-01,0,CINMS,PISOCH,GSES
S Frenchys Cove,2002-01-01,0,CINMS,PISOCH,GSES
S Frenchys Cove,2003-01-01,1,CINMS,PISOCH,GSES
S Frenchys Cove,2004-01-01,0,CINMS,PISOCH,GSES
S Frenchys Cove,2005-01-01,1.5,CINMS,PISOCH,GSES
S Frenchys Cove,2006-01-01,16,CINMS,PISOCH,GSES
S Frenchys Cove,2007-01-01,2,CINMS,PISOCH,GSES
S Frenchys Cove,2008-01-01,5,CINMS,PISOCH,GSES
S Frenchys Cove,2009-01-01,34,CINMS,PISOCH,GSES
S Frenchys Cove,2011-01-01,27,CINMS,PISOCH,GSES
S Frenchys Cove,2012-01-01,17,CINMS,PISOCH,GSES
S Frenchys Cove,2014-01-01,0,CINMS,PISOCH,GSES
S Frenchys Cove,2015-01-01,0,CINMS,PISOCH,GSES
S Frenchys Cove,2016-01-01,0,CINMS,PISOCH,GSES
Scorpion Rock,2000-01-01,26,CINMS,PISOCH,GSES
Scorpion Rock,2001-01-01,29,CINMS,PISOCH,GSES
Scorpion Rock,2002-01-01,131,CINMS,PISOCH,GSES
Scorpion Rock,2003-01-01,88,CINMS,PISOCH,GSES
Scorpion Rock,2004-01-01,37,CINMS,PISOCH,GSES
Scorpion Rock,2006-01-01,3,CINMS,PISOCH,GSES
Scorpion Rock,2008-01-01,73.5,CINMS,PISOCH,GSES
Scorpion Rock,2009-01-01,68,CINMS,PISOCH,GSES
Scorpion Rock,2010-01-01,50.5,CINMS,PISOCH,GSES
Scorpion Rock,2011-01-01,34,CINMS,PISOCH,GSES
Scorpion Rock,2012-01-01,94,CINMS,PISOCH,GSES
Scorpion Rock,2013-01-01,34,CINMS,PISOCH,GSES
Scorpion Rock,2014-01-01,0,CINMS,PISOCH,GSES
Scorpion Rock,2015-01-01,0,CINMS,PISOCH,GSES
Sea Lion Rookery,2001-01-01,4,CINMS,PISOCH,GSES
Sea Lion Rookery,2002-01-01,43,CINMS,PISOCH,GSES
Sea Lion Rookery,2003-01-01,6,CINMS,PISOCH,GSES
Sea Lion Rookery,2004-01-01,49,CINMS,PISOCH,GSES
Sea Lion Rookery,2007-01-01,586,CINMS,PISOCH,GSES
Sea Lion Rookery,2008-01-01,858,CINMS,PISOCH,GSES
Sea Lion Rookery,2009-01-01,923,CINMS,PISOCH,GSES
Sea Lion Rookery,2010-01-01,374,CINMS,PISOCH,GSES
Sea Lion Rookery,2011-01-01,72,CINMS,PISOCH,GSES
Sea Lion Rookery,2012-01-01,45,CINMS,PISOCH,GSES
Sea Lion Rookery,2013-01-01,73,CINMS,PISOCH,GSES
Sea Lion Rookery,2014-01-01,0,CINMS,PISOCH,GSES
Sea Lion Rookery,2016-01-01,0,CINMS,PISOCH,GSES
Sea Lion Rookery,2017-01-01,0,CINMS,PISOCH,GSES
Trailer,2000-01-01,11,CINMS,PISOCH,GSES
Trailer,2001-01-01,11.5,CINMS,PISOCH,GSES
Trailer,2002-01-01,51.5,CINMS,PISOCH,GSES
Trailer,2003-01-01,350,CINMS,PISOCH,GSES
Trailer,2004-01-01,88.5,CINMS,PISOCH,GSES
Trailer,2006-01-01,19,CINMS,PISOCH,GSES
Trailer,2008-01-01,114.5,CINMS,PISOCH,GSES
Trailer,2009-01-01,190,CINMS,PISOCH,GSES
Trailer,2010-01-01,29,CINMS,PISOCH,GSES
Trailer,2011-01-01,90,CINMS,PISOCH,GSES
Trailer,2012-01-01,191.5,CINMS,PISOCH,GSES
Trailer,2013-01-01,108,CINMS,PISOCH,GSES
Trailer,2019-01-01,0,CINMS,PISOCH,GSES
Willows Anchorage,2000-01-01,173.5,CINMS,PISOCH,GSES
Willows Anchorage,2001-01-01,165,CINMS,PISOCH,GSES
Willows Anchorage,2002-01-01,268,CINMS,PISOCH,GSES
Willows Anchorage,2003-01-01,390,CINMS,PISOCH,GSES
Willows Anchorage,2004-01-01,421.5,CINMS,PISOCH,GSES
Willows Anchorage,2005-01-01,120,CINMS,PISOCH,GSES
Willows Anchorage,2006-01-01,50,CINMS,PISOCH,GSES
Willows Anchorage,2007-01-01,117,CINMS,PISOCH,GSES
Willows Anchorage,2008-01-01,291,CINMS,PISOCH,GSES
Willows Anchorage,2009-01-01,409.5,CINMS,PISOCH,GSES
Willows Anchorage,2010-01-01,426,CINMS,PISOCH,GSES
Willows Anchorage,2011-01-01,413,CINMS,PISOCH,GSES
Willows Anchorage,2012-01-01,407.5,CINMS,PISOCH,GSES
Willows Anchorage,2013-01-01,169,CINMS,PISOCH,GSES
Willows Anchorage,2014-01-01,0,CINMS,PISOCH,GSES
Willows Anchorage,2017-01-01,0,CINMS,PISOCH,GSES
CINMS,2000-06-15,43.529411764705884,CINMS,PISOCH,GSES
CINMS,2001-06-15,52.27777777777778,CINMS,PISOCH,GSES
CINMS,2002-06-15,124.34210526315789,CINMS,PISOCH,GSES
CINMS,2003-06-15,122.73529411764706,CINMS,PISOCH,GSES
CINMS,2004-06-15,103.46666666666667,CINMS,PISOCH,GSES
CINMS,2005-06-15,94.26666666666667,CINMS,PISOCH,GSES
CINMS,2006-06-15,73.5,CINMS,PISOCH,GSES
CINMS,2007-06-15,208.34615384615384,CINMS,PISOCH,GSES
CINMS,2008-06-15,233.31578947368422,CINMS,PISOCH,GSES
CINMS,2009-06-15,260.05263157894734,CINMS,PISOCH,GSES
CINMS,2010-06-15,152.19230769230768,CINMS,PISOCH,GSES
CINMS,2011-06-15,129.33333333333334,CINMS,PISOCH,GSES
CINMS,2012-06-15,111.69444444444444,CINMS,PISOCH,GSES
CINMS,2013-06-15,66,CINMS,PISOCH,GSES
CINMS,2014-06-15,0.3333333333333333,CINMS,PISOCH,GSES
CINMS,2015-06-15,1.1428571428571428,CINMS,PISOCH,GSES
CINMS,2016-06-15,0,CINMS,PISOCH,GSES
CINMS,2017-06-15,1.2,CINMS,PISOCH,GSES
CINMS,2018-06-15,0,CINMS,PISOCH,GSES
CINMS,2019-06-15,0.4,CINMS,PISOCH,GSES
Cat Rock,2014-01-01,0,CINMS,PYCHEL,GSES
Crook Point,2014-01-01,0,CINMS,PYCHEL,GSES
Cuyler Harbor,2014-01-01,0,CINMS,PYCHEL,GSES
Fossil Reef,2003-01-01,2.5,CINMS,PYCHEL,GSES
Fossil Reef,2005-01-01,1,CINMS,PYCHEL,GSES
Fossil Reef,2008-01-01,3,CINMS,PYCHEL,GSES
Fossil Reef,2009-01-01,2,CINMS,PYCHEL,GSES
Fraser Cove,2014-01-01,0,CINMS,PYCHEL,GSES
Harris Point,2007-01-01,1,CINMS,PYCHEL,GSES
Harris Point,2008-01-01,1,CINMS,PYCHEL,GSES
Harris Point,2009-01-01,3,CINMS,PYCHEL,GSES
Harris Point,2010-01-01,2.5,CINMS,PYCHEL,GSES
Harris Point,2011-01-01,1,CINMS,PYCHEL,GSES
Harris Point,2014-01-01,0,CINMS,PYCHEL,GSES
Johnsons Lee,2003-01-01,2,CINMS,PYCHEL,GSES
Johnsons Lee,2009-01-01,1,CINMS,PYCHEL,GSES
Landing Cove,2014-01-01,0,CINMS,PYCHEL,GSES
Middle West,2014-01-01,0,CINMS,PYCHEL,GSES
NW Talcott,2007-01-01,1,CINMS,PYCHEL,GSES
Orizaba Cove,2009-01-01,1,CINMS,PYCHEL,GSES
Orizaba Cove,2014-01-01,0,CINMS,PYCHEL,GSES
Otter Harbor,2014-01-01,0,CINMS,PYCHEL,GSES
Prisoners Harbor,2014-01-01,0,CINMS,PYCHEL,GSES
S Frenchys Cove,2014-01-01,0,CINMS,PYCHEL,GSES
Scorpion Rock,2014-01-01,0,CINMS,PYCHEL,GSES
Sea Lion Rookery,2014-01-01,1,CINMS,PYCHEL,GSES
Trailer,2011-01-01,1,CINMS,PYCHEL,GSES
Trailer,2014-01-01,0,CINMS,PYCHEL,GSES
Willows Anchorage,2014-01-01,0,CINMS,PYCHEL,GSES
CINMS,2003-06-15,2.25,CINMS,PYCHEL,GSES
CINMS,2005-06-15,1,CINMS,PYCHEL,GSES
CINMS,2007-06-15,1,CINMS,PYCHEL,GSES
CINMS,2008-06-15,2,CINMS,PYCHEL,GSES
CINMS,2009-06-15,1.75,CINMS,PYCHEL,GSES
CINMS,2010-06-15,2.5,CINMS,PYCHEL,GSES
CINMS,2011-06-15,1,CINMS,PYCHEL,GSES
CINMS,2014-06-15,0.06666666666666667,CINMS,PYCHEL,GSES
Harris Point,2010-01-01,3,CINMS,STRPUR,GSES
CINMS,2010-06-15,3,CINMS,STRPUR,GSES
Point Bonita,2002-01-01,1,MBNMS,DERIMB,BT
Point Bonita,2008-01-01,1,MBNMS,DERIMB,BT
Point Bonita,2010-01-01,1,MBNMS,DERIMB,BT
Point Bonita,2013-01-01,1,MBNMS,DERIMB,BT
Point Bonita,2015-01-01,1,MBNMS,DERIMB,BT
Point Bonita,2018-01-01,0,MBNMS,DERIMB,BT
Slide Ranch,2017-01-01,0,MBNMS,DERIMB,BT
Slide Ranch,2018-01-01,0,MBNMS,DERIMB,BT
MBNMS,2002-06-15,1,MBNMS,DERIMB,BT
MBNMS,2008-06-15,1,MBNMS,DERIMB,BT
MBNMS,2010-06-15,1,MBNMS,DERIMB,BT
MBNMS,2013-06-15,1,MBNMS,DERIMB,BT
MBNMS,2015-06-15,1,MBNMS,DERIMB,BT
MBNMS,2017-06-15,0,MBNMS,DERIMB,BT
MBNMS,2018-06-15,0,MBNMS,DERIMB,BT
Andrew Molera,2009-01-01,2,MBNMS,DERIMB,IP
Andrew Molera,2010-01-01,2,MBNMS,DERIMB,IP
Andrew Molera,2017-01-01,0,MBNMS,DERIMB,IP
Andrew Molera,2018-01-01,0,MBNMS,DERIMB,IP
Andrew Molera,2019-01-01,0,MBNMS,DERIMB,IP
China Rocks,2018-01-01,0,MBNMS,DERIMB,IP
Davenport Landing,2017-01-01,0,MBNMS,DERIMB,IP
Garrapata,2018-01-01,0,MBNMS,DERIMB,IP
Hopkins,2007-01-01,1,MBNMS,DERIMB,IP
Hopkins,2008-01-01,2,MBNMS,DERIMB,IP
Hopkins,2017-01-01,0,MBNMS,DERIMB,IP
Hopkins,2018-01-01,0,MBNMS,DERIMB,IP
Hopkins,2019-01-01,0,MBNMS,DERIMB,IP
Mill Creek,2017-01-01,0,MBNMS,DERIMB,IP
Mill Creek,2018-01-01,0,MBNMS,DERIMB,IP
Mill Creek,2019-01-01,0,MBNMS,DERIMB,IP
Piedras Blancas,2017-01-01,0,MBNMS,DERIMB,IP
Point Lobos,2007-01-01,1,MBNMS,DERIMB,IP
Point Lobos,2013-01-01,1,MBNMS,DERIMB,IP
Point Lobos,2017-01-01,0,MBNMS,DERIMB,IP
Point Lobos,2018-01-01,0,MBNMS,DERIMB,IP
Point Lobos,2019-01-01,0,MBNMS,DERIMB,IP
Point Pinos,2017-01-01,0,MBNMS,DERIMB,IP
Point Sierra Nevada,2017-01-01,0,MBNMS,DERIMB,IP
Point Sierra Nevada,2018-01-01,0,MBNMS,DERIMB,IP
Scott Creek,2007-01-01,2,MBNMS,DERIMB,IP
Scott Creek,2010-01-01,5,MBNMS,DERIMB,IP
Scott Creek,2011-01-01,1,MBNMS,DERIMB,IP
Scott Creek,2013-01-01,1,MBNMS,DERIMB,IP
Scott Creek,2017-01-01,1,MBNMS,DERIMB,IP
Scott Creek,2018-01-01,0,MBNMS,DERIMB,IP
Scott Creek,2019-01-01,0,MBNMS,DERIMB,IP
Stillwater,2017-01-01,0,MBNMS,DERIMB,IP
Stillwater,2018-01-01,0,MBNMS,DERIMB,IP
Stillwater,2019-01-01,0,MBNMS,DERIMB,IP
Terrace Point,2017-01-01,0,MBNMS,DERIMB,IP
Terrace Point,2018-01-01,0,MBNMS,DERIMB,IP
Terrace Point,2019-01-01,0,MBNMS,DERIMB,IP
MBNMS,2007-06-15,1.3333333333333333,MBNMS,DERIMB,IP
MBNMS,2008-06-15,2,MBNMS,DERIMB,IP
MBNMS,2009-06-15,2,MBNMS,DERIMB,IP
MBNMS,2010-06-15,3.5,MBNMS,DERIMB,IP
MBNMS,2011-06-15,1,MBNMS,DERIMB,IP
MBNMS,2013-06-15,1,MBNMS,DERIMB,IP
MBNMS,2017-06-15,0.09090909090909091,MBNMS,DERIMB,IP
MBNMS,2018-06-15,0,MBNMS,DERIMB,IP
MBNMS,2019-06-15,0,MBNMS,DERIMB,IP
Andrew Molera,2017-01-01,0,MBNMS,EVATRO,IP
Andrew Molera,2018-01-01,0,MBNMS,EVATRO,IP
Andrew Molera,2019-01-01,0,MBNMS,EVATRO,IP
China Rocks,2018-01-01,0,MBNMS,EVATRO,IP
Garrapata,2018-01-01,0,MBNMS,EVATRO,IP
Hopkins,2017-01-01,0,MBNMS,EVATRO,IP
Hopkins,2018-01-01,0,MBNMS,EVATRO,IP
Hopkins,2019-01-01,0,MBNMS,EVATRO,IP
Mill Creek,2017-01-01,0,MBNMS,EVATRO,IP
Mill Creek,2018-01-01,0,MBNMS,EVATRO,IP
Mill Creek,2019-01-01,0,MBNMS,EVATRO,IP
Piedras Blancas,2017-01-01,0,MBNMS,EVATRO,IP
Point Lobos,2017-01-01,0,MBNMS,EVATRO,IP
Point Lobos,2018-01-01,0,MBNMS,EVATRO,IP
Point Lobos,2019-01-01,0,MBNMS,EVATRO,IP
Point Pinos,2017-01-01,0,MBNMS,EVATRO,IP
Point Sierra Nevada,2017-01-01,0,MBNMS,EVATRO,IP
Point Sierra Nevada,2018-01-01,0,MBNMS,EVATRO,IP
Scott Creek,2017-01-01,0,MBNMS,EVATRO,IP
Scott Creek,2018-01-01,0,MBNMS,EVATRO,IP
Scott Creek,2019-01-01,0,MBNMS,EVATRO,IP
Stillwater,2017-01-01,0,MBNMS,EVATRO,IP
Stillwater,2018-01-01,0,MBNMS,EVATRO,IP
Stillwater,2019-01-01,0,MBNMS,EVATRO,IP
Terrace Point,2017-01-01,0,MBNMS,EVATRO,IP
Terrace Point,2018-01-01,0,MBNMS,EVATRO,IP
Terrace Point,2019-01-01,0,MBNMS,EVATRO,IP
MBNMS,2017-06-15,0,MBNMS,EVATRO,IP
MBNMS,2018-06-15,0,MBNMS,EVATRO,IP
MBNMS,2019-06-15,0,MBNMS,EVATRO,IP
Point Bonita,2002-01-01,2,MBNMS,HENSPP,BT
Point Bonita,2003-01-01,4,MBNMS,HENSPP,BT
Point Bonita,2004-01-01,16,MBNMS,HENSPP,BT
Point Bonita,2005-01-01,19,MBNMS,HENSPP,BT
Point Bonita,2007-01-01,2,MBNMS,HENSPP,BT
Point Bonita,2008-01-01,54,MBNMS,HENSPP,BT
Point Bonita,2009-01-01,19,MBNMS,HENSPP,BT
Point Bonita,2010-01-01,14,MBNMS,HENSPP,BT
Point Bonita,2011-01-01,13,MBNMS,HENSPP,BT
Point Bonita,2013-01-01,14,MBNMS,HENSPP,BT
Point Bonita,2014-01-01,50,MBNMS,HENSPP,BT
Point Bonita,2015-01-01,29,MBNMS,HENSPP,BT
Point Bonita,2016-01-01,38,MBNMS,HENSPP,BT
Point Bonita,2018-01-01,0,MBNMS,HENSPP,BT
Slide Ranch,1991-01-01,5,MBNMS,HENSPP,BT
Slide Ranch,2001-01-01,5.5,MBNMS,HENSPP,BT
Slide Ranch,2002-01-01,3,MBNMS,HENSPP,BT
Slide Ranch,2003-01-01,5,MBNMS,HENSPP,BT
Slide Ranch,2004-01-01,3,MBNMS,HENSPP,BT
Slide Ranch,2007-01-01,2,MBNMS,HENSPP,BT
Slide Ranch,2008-01-01,7,MBNMS,HENSPP,BT
Slide Ranch,2009-01-01,22,MBNMS,HENSPP,BT
Slide Ranch,2010-01-01,4,MBNMS,HENSPP,BT
Slide Ranch,2012-01-01,3,MBNMS,HENSPP,BT
Slide Ranch,2013-01-01,4,MBNMS,HENSPP,BT
Slide Ranch,2014-01-01,17,MBNMS,HENSPP,BT
Slide Ranch,2015-01-01,7,MBNMS,HENSPP,BT
Slide Ranch,2016-01-01,11,MBNMS,HENSPP,BT
Slide Ranch,2017-01-01,6,MBNMS,HENSPP,BT
Slide Ranch,2018-01-01,22,MBNMS,HENSPP,BT
MBNMS,1991-06-15,5,MBNMS,HENSPP,BT
MBNMS,2001-06-15,5.5,MBNMS,HENSPP,BT
MBNMS,2002-06-15,2.5,MBNMS,HENSPP,BT
MBNMS,2003-06-15,4.5,MBNMS,HENSPP,BT
MBNMS,2004-06-15,9.5,MBNMS,HENSPP,BT
MBNMS,2005-06-15,19,MBNMS,HENSPP,BT
MBNMS,2007-06-15,2,MBNMS,HENSPP,BT
MBNMS,2008-06-15,30.5,MBNMS,HENSPP,BT
MBNMS,2009-06-15,20.5,MBNMS,HENSPP,BT
MBNMS,2010-06-15,9,MBNMS,HENSPP,BT
MBNMS,2011-06-15,13,MBNMS,HENSPP,BT
MBNMS,2012-06-15,3,MBNMS,HENSPP,BT
MBNMS,2013-06-15,9,MBNMS,HENSPP,BT
MBNMS,2014-06-15,33.5,MBNMS,HENSPP,BT
MBNMS,2015-06-15,18,MBNMS,HENSPP,BT
MBNMS,2016-06-15,24.5,MBNMS,HENSPP,BT
MBNMS,2017-06-15,6,MBNMS,HENSPP,BT
MBNMS,2018-06-15,11,MBNMS,HENSPP,BT
Andrew Molera,2007-01-01,3,MBNMS,HENSPP,IP
Andrew Molera,2008-01-01,6,MBNMS,HENSPP,IP
Andrew Molera,2009-01-01,5,MBNMS,HENSPP,IP
Andrew Molera,2010-01-01,7,MBNMS,HENSPP,IP
Andrew Molera,2011-01-01,2,MBNMS,HENSPP,IP
Andrew Molera,2012-01-01,6,MBNMS,HENSPP,IP
Andrew Molera,2013-01-01,4,MBNMS,HENSPP,IP
Andrew Molera,2014-01-01,11.5,MBNMS,HENSPP,IP
Andrew Molera,2015-01-01,5.5,MBNMS,HENSPP,IP
Andrew Molera,2016-01-01,12,MBNMS,HENSPP,IP
Andrew Molera,2017-01-01,1,MBNMS,HENSPP,IP
Andrew Molera,2018-01-01,3,MBNMS,HENSPP,IP
Andrew Molera,2019-01-01,3,MBNMS,HENSPP,IP
China Rocks,2018-01-01,0,MBNMS,HENSPP,IP
Davenport Landing,2017-01-01,0,MBNMS,HENSPP,IP
Garrapata,2007-01-01,9,MBNMS,HENSPP,IP
Garrapata,2008-01-01,1,MBNMS,HENSPP,IP
Garrapata,2009-01-01,4,MBNMS,HENSPP,IP
Garrapata,2018-01-01,6,MBNMS,HENSPP,IP
Hopkins,2007-01-01,5,MBNMS,HENSPP,IP
Hopkins,2008-01-01,2,MBNMS,HENSPP,IP
Hopkins,2009-01-01,8,MBNMS,HENSPP,IP
Hopkins,2010-01-01,3,MBNMS,HENSPP,IP
Hopkins,2012-01-01,4,MBNMS,HENSPP,IP
Hopkins,2013-01-01,5.5,MBNMS,HENSPP,IP
Hopkins,2014-01-01,9.5,MBNMS,HENSPP,IP
Hopkins,2015-01-01,3,MBNMS,HENSPP,IP
Hopkins,2016-01-01,2,MBNMS,HENSPP,IP
Hopkins,2017-01-01,0,MBNMS,HENSPP,IP
Hopkins,2018-01-01,0,MBNMS,HENSPP,IP
Hopkins,2019-01-01,1,MBNMS,HENSPP,IP
Mill Creek,2007-01-01,3,MBNMS,HENSPP,IP
Mill Creek,2008-01-01,4,MBNMS,HENSPP,IP
Mill Creek,2009-01-01,2.5,MBNMS,HENSPP,IP
Mill Creek,2010-01-01,4,MBNMS,HENSPP,IP
Mill Creek,2011-01-01,8,MBNMS,HENSPP,IP
Mill Creek,2012-01-01,2,MBNMS,HENSPP,IP
Mill Creek,2013-01-01,15,MBNMS,HENSPP,IP
Mill Creek,2014-01-01,42,MBNMS,HENSPP,IP
Mill Creek,2015-01-01,20.5,MBNMS,HENSPP,IP
Mill Creek,2016-01-01,18,MBNMS,HENSPP,IP
Mill Creek,2017-01-01,19,MBNMS,HENSPP,IP
Mill Creek,2018-01-01,6,MBNMS,HENSPP,IP
Mill Creek,2019-01-01,22,MBNMS,HENSPP,IP
Piedras Blancas,2008-01-01,2,MBNMS,HENSPP,IP
Piedras Blancas,2017-01-01,0,MBNMS,HENSPP,IP
Point Lobos,2007-01-01,1,MBNMS,HENSPP,IP
Point Lobos,2009-01-01,3,MBNMS,HENSPP,IP
Point Lobos,2010-01-01,1,MBNMS,HENSPP,IP
Point Lobos,2011-01-01,4,MBNMS,HENSPP,IP
Point Lobos,2012-01-01,2,MBNMS,HENSPP,IP
Point Lobos,2013-01-01,3,MBNMS,HENSPP,IP
Point Lobos,2014-01-01,2,MBNMS,HENSPP,IP
Point Lobos,2015-01-01,6.5,MBNMS,HENSPP,IP
Point Lobos,2017-01-01,0,MBNMS,HENSPP,IP
Point Lobos,2018-01-01,2,MBNMS,HENSPP,IP
Point Lobos,2019-01-01,0,MBNMS,HENSPP,IP
Point Pinos,2007-01-01,14,MBNMS,HENSPP,IP
Point Pinos,2008-01-01,3,MBNMS,HENSPP,IP
Point Pinos,2009-01-01,10,MBNMS,HENSPP,IP
Point Pinos,2011-01-01,16,MBNMS,HENSPP,IP
Point Pinos,2017-01-01,10,MBNMS,HENSPP,IP
Point Sierra Nevada,2015-01-01,3,MBNMS,HENSPP,IP
Point Sierra Nevada,2016-01-01,1,MBNMS,HENSPP,IP
Point Sierra Nevada,2017-01-01,0,MBNMS,HENSPP,IP
Point Sierra Nevada,2018-01-01,0,MBNMS,HENSPP,IP
Scott Creek,2010-01-01,1,MBNMS,HENSPP,IP
Scott Creek,2017-01-01,0,MBNMS,HENSPP,IP
Scott Creek,2018-01-01,0,MBNMS,HENSPP,IP
Scott Creek,2019-01-01,0,MBNMS,HENSPP,IP
Stillwater,2007-01-01,3.5,MBNMS,HENSPP,IP
Stillwater,2008-01-01,3,MBNMS,HENSPP,IP
Stillwater,2009-01-01,3,MBNMS,HENSPP,IP
Stillwater,2010-01-01,1,MBNMS,HENSPP,IP
Stillwater,2011-01-01,2,MBNMS,HENSPP,IP
Stillwater,2013-01-01,13,MBNMS,HENSPP,IP
Stillwater,2014-01-01,2.5,MBNMS,HENSPP,IP
Stillwater,2015-01-01,1,MBNMS,HENSPP,IP
Stillwater,2016-01-01,1,MBNMS,HENSPP,IP
Stillwater,2017-01-01,1,MBNMS,HENSPP,IP
Stillwater,2018-01-01,1,MBNMS,HENSPP,IP
Stillwater,2019-01-01,0,MBNMS,HENSPP,IP
Terrace Point,2017-01-01,0,MBNMS,HENSPP,IP
Terrace Point,2018-01-01,0,MBNMS,HENSPP,IP
Terrace Point,2019-01-01,0,MBNMS,HENSPP,IP
Vista del Mar,2007-01-01,2,MBNMS,HENSPP,IP
Vista del Mar,2009-01-01,2,MBNMS,HENSPP,IP
Vista del Mar,2011-01-01,1,MBNMS,HENSPP,IP
MBNMS,2007-06-15,5.0625,MBNMS,HENSPP,IP
MBNMS,2008-06-15,3,MBNMS,HENSPP,IP
MBNMS,2009-06-15,4.6875,MBNMS,HENSPP,IP
MBNMS,2010-06-15,2.8333333333333335,MBNMS,HENSPP,IP
MBNMS,2011-06-15,5.5,MBNMS,HENSPP,IP
MBNMS,2012-06-15,3.5,MBNMS,HENSPP,IP
MBNMS,2013-06-15,8.1,MBNMS,HENSPP,IP
MBNMS,2014-06-15,13.5,MBNMS,HENSPP,IP
MBNMS,2015-06-15,6.583333333333333,MBNMS,HENSPP,IP
MBNMS,2016-06-15,6.8,MBNMS,HENSPP,IP
MBNMS,2017-06-15,2.8181818181818183,MBNMS,HENSPP,IP
MBNMS,2018-06-15,1.8,MBNMS,HENSPP,IP
MBNMS,2019-06-15,3.7142857142857144,MBNMS,HENSPP,IP
Andrew Molera,2005-01-01,35,MBNMS,KATTUN,IP
Andrew Molera,2006-01-01,43,MBNMS,KATTUN,IP
Andrew Molera,2007-01-01,47.5,MBNMS,KATTUN,IP
Andrew Molera,2008-01-01,49.5,MBNMS,KATTUN,IP
Andrew Molera,2009-01-01,52.5,MBNMS,KATTUN,IP
Andrew Molera,2010-01-01,50.5,MBNMS,KATTUN,IP
Andrew Molera,2011-01-01,48.5,MBNMS,KATTUN,IP
Andrew Molera,2012-01-01,25,MBNMS,KATTUN,IP
Andrew Molera,2013-01-01,30.5,MBNMS,KATTUN,IP
Andrew Molera,2014-01-01,35.5,MBNMS,KATTUN,IP
Andrew Molera,2015-01-01,32,MBNMS,KATTUN,IP
Andrew Molera,2016-01-01,24,MBNMS,KATTUN,IP
Andrew Molera,2017-01-01,15,MBNMS,KATTUN,IP
Andrew Molera,2018-01-01,9,MBNMS,KATTUN,IP
Andrew Molera,2019-01-01,16,MBNMS,KATTUN,IP
China Rocks,2018-01-01,0,MBNMS,KATTUN,IP
Davenport Landing,2007-01-01,0,MBNMS,KATTUN,IP
Davenport Landing,2008-01-01,2,MBNMS,KATTUN,IP
Davenport Landing,2009-01-01,0,MBNMS,KATTUN,IP
Davenport Landing,2011-01-01,0,MBNMS,KATTUN,IP
Davenport Landing,2017-01-01,0,MBNMS,KATTUN,IP
Garrapata,2007-01-01,82,MBNMS,KATTUN,IP
Garrapata,2008-01-01,62,MBNMS,KATTUN,IP
Garrapata,2009-01-01,64,MBNMS,KATTUN,IP
Garrapata,2011-01-01,78,MBNMS,KATTUN,IP
Garrapata,2018-01-01,21,MBNMS,KATTUN,IP
Hopkins,2005-01-01,1,MBNMS,KATTUN,IP
Hopkins,2006-01-01,0,MBNMS,KATTUN,IP
Hopkins,2007-01-01,0,MBNMS,KATTUN,IP
Hopkins,2008-01-01,0.5,MBNMS,KATTUN,IP
Hopkins,2009-01-01,0.5,MBNMS,KATTUN,IP
Hopkins,2010-01-01,1,MBNMS,KATTUN,IP
Hopkins,2011-01-01,2,MBNMS,KATTUN,IP
Hopkins,2012-01-01,2,MBNMS,KATTUN,IP
Hopkins,2013-01-01,2.5,MBNMS,KATTUN,IP
Hopkins,2014-01-01,5.5,MBNMS,KATTUN,IP
Hopkins,2015-01-01,0.5,MBNMS,KATTUN,IP
Hopkins,2016-01-01,4,MBNMS,KATTUN,IP
Hopkins,2017-01-01,0,MBNMS,KATTUN,IP
Hopkins,2018-01-01,2,MBNMS,KATTUN,IP
Hopkins,2019-01-01,0,MBNMS,KATTUN,IP
Mill Creek,2005-01-01,48,MBNMS,KATTUN,IP
Mill Creek,2006-01-01,52,MBNMS,KATTUN,IP
Mill Creek,2007-01-01,82,MBNMS,KATTUN,IP
Mill Creek,2008-01-01,89,MBNMS,KATTUN,IP
Mill Creek,2009-01-01,86,MBNMS,KATTUN,IP
Mill Creek,2010-01-01,91.5,MBNMS,KATTUN,IP
Mill Creek,2011-01-01,77.5,MBNMS,KATTUN,IP
Mill Creek,2012-01-01,88,MBNMS,KATTUN,IP
Mill Creek,2013-01-01,102.5,MBNMS,KATTUN,IP
Mill Creek,2014-01-01,116.5,MBNMS,KATTUN,IP
Mill Creek,2015-01-01,97.5,MBNMS,KATTUN,IP
Mill Creek,2016-01-01,88,MBNMS,KATTUN,IP
Mill Creek,2017-01-01,78,MBNMS,KATTUN,IP
Mill Creek,2018-01-01,43,MBNMS,KATTUN,IP
Mill Creek,2019-01-01,27,MBNMS,KATTUN,IP
Natural Bridges,2008-01-01,0,MBNMS,KATTUN,IP
Natural Bridges,2009-01-01,0,MBNMS,KATTUN,IP
Natural Bridges,2011-01-01,0,MBNMS,KATTUN,IP
Piedras Blancas,2007-01-01,1,MBNMS,KATTUN,IP
Piedras Blancas,2008-01-01,7,MBNMS,KATTUN,IP
Piedras Blancas,2009-01-01,5,MBNMS,KATTUN,IP
Piedras Blancas,2011-01-01,22,MBNMS,KATTUN,IP
Piedras Blancas,2015-01-01,0,MBNMS,KATTUN,IP
Piedras Blancas,2016-01-01,1,MBNMS,KATTUN,IP
Piedras Blancas,2017-01-01,17,MBNMS,KATTUN,IP
Point Lobos,2005-01-01,16,MBNMS,KATTUN,IP
Point Lobos,2006-01-01,22,MBNMS,KATTUN,IP
Point Lobos,2007-01-01,12.5,MBNMS,KATTUN,IP
Point Lobos,2008-01-01,14.5,MBNMS,KATTUN,IP
Point Lobos,2009-01-01,14.5,MBNMS,KATTUN,IP
Point Lobos,2010-01-01,8,MBNMS,KATTUN,IP
Point Lobos,2011-01-01,17,MBNMS,KATTUN,IP
Point Lobos,2012-01-01,13,MBNMS,KATTUN,IP
Point Lobos,2013-01-01,19.5,MBNMS,KATTUN,IP
Point Lobos,2014-01-01,37.5,MBNMS,KATTUN,IP
Point Lobos,2015-01-01,37.5,MBNMS,KATTUN,IP
Point Lobos,2016-01-01,24,MBNMS,KATTUN,IP
Point Lobos,2017-01-01,32,MBNMS,KATTUN,IP
Point Lobos,2018-01-01,9,MBNMS,KATTUN,IP
Point Lobos,2019-01-01,2,MBNMS,KATTUN,IP
Point Pinos,2007-01-01,2,MBNMS,KATTUN,IP
Point Pinos,2008-01-01,3,MBNMS,KATTUN,IP
Point Pinos,2009-01-01,4,MBNMS,KATTUN,IP
Point Pinos,2011-01-01,5,MBNMS,KATTUN,IP
Point Pinos,2017-01-01,1,MBNMS,KATTUN,IP
Point Sierra Nevada,2009-01-01,2,MBNMS,KATTUN,IP
Point Sierra Nevada,2010-01-01,2,MBNMS,KATTUN,IP
Point Sierra Nevada,2011-01-01,2,MBNMS,KATTUN,IP
Point Sierra Nevada,2012-01-01,0,MBNMS,KATTUN,IP
Point Sierra Nevada,2013-01-01,0,MBNMS,KATTUN,IP
Point Sierra Nevada,2014-01-01,0,MBNMS,KATTUN,IP
Point Sierra Nevada,2015-01-01,0,MBNMS,KATTUN,IP
Point Sierra Nevada,2016-01-01,0,MBNMS,KATTUN,IP
Point Sierra Nevada,2017-01-01,0,MBNMS,KATTUN,IP
Point Sierra Nevada,2018-01-01,0,MBNMS,KATTUN,IP
Scott Creek,2005-01-01,3,MBNMS,KATTUN,IP
Scott Creek,2006-01-01,6,MBNMS,KATTUN,IP
Scott Creek,2007-01-01,7.5,MBNMS,KATTUN,IP
Scott Creek,2008-01-01,10,MBNMS,KATTUN,IP
Scott Creek,2009-01-01,7.5,MBNMS,KATTUN,IP
Scott Creek,2010-01-01,6,MBNMS,KATTUN,IP
Scott Creek,2011-01-01,5.5,MBNMS,KATTUN,IP
Scott Creek,2012-01-01,6,MBNMS,KATTUN,IP
Scott Creek,2013-01-01,7,MBNMS,KATTUN,IP
Scott Creek,2014-01-01,9.5,MBNMS,KATTUN,IP
Scott Creek,2015-01-01,9,MBNMS,KATTUN,IP
Scott Creek,2016-01-01,6,MBNMS,KATTUN,IP
Scott Creek,2017-01-01,3,MBNMS,KATTUN,IP
Scott Creek,2018-01-01,3,MBNMS,KATTUN,IP
Scott Creek,2019-01-01,1,MBNMS,KATTUN,IP
Stillwater,2005-01-01,45,MBNMS,KATTUN,IP
Stillwater,2006-01-01,53,MBNMS,KATTUN,IP
Stillwater,2007-01-01,62,MBNMS,KATTUN,IP
Stillwater,2008-01-01,90.5,MBNMS,KATTUN,IP
Stillwater,2009-01-01,88.5,MBNMS,KATTUN,IP
Stillwater,2010-01-01,116,MBNMS,KATTUN,IP
Stillwater,2011-01-01,116,MBNMS,KATTUN,IP
Stillwater,2012-01-01,87,MBNMS,KATTUN,IP
Stillwater,2013-01-01,118,MBNMS,KATTUN,IP
Stillwater,2014-01-01,108,MBNMS,KATTUN,IP
Stillwater,2015-01-01,102.5,MBNMS,KATTUN,IP
Stillwater,2016-01-01,72,MBNMS,KATTUN,IP
Stillwater,2017-01-01,41,MBNMS,KATTUN,IP
Stillwater,2018-01-01,36,MBNMS,KATTUN,IP
Stillwater,2019-01-01,29,MBNMS,KATTUN,IP
Terrace Point,2005-01-01,0,MBNMS,KATTUN,IP
Terrace Point,2006-01-01,0,MBNMS,KATTUN,IP
Terrace Point,2007-01-01,0,MBNMS,KATTUN,IP
Terrace Point,2008-01-01,0,MBNMS,KATTUN,IP
Terrace Point,2009-01-01,0,MBNMS,KATTUN,IP
Terrace Point,2010-01-01,0,MBNMS,KATTUN,IP
Terrace Point,2011-01-01,0,MBNMS,KATTUN,IP
Terrace Point,2012-01-01,0,MBNMS,KATTUN,IP
Terrace Point,2013-01-01,0,MBNMS,KATTUN,IP
Terrace Point,2014-01-01,0.5,MBNMS,KATTUN,IP
Terrace Point,2015-01-01,0,MBNMS,KATTUN,IP
Terrace Point,2016-01-01,0,MBNMS,KATTUN,IP
Terrace Point,2017-01-01,0,MBNMS,KATTUN,IP
Terrace Point,2018-01-01,0,MBNMS,KATTUN,IP
Terrace Point,2019-01-01,0,MBNMS,KATTUN,IP
Vista del Mar,2007-01-01,0,MBNMS,KATTUN,IP
Vista del Mar,2008-01-01,1,MBNMS,KATTUN,IP
Vista del Mar,2009-01-01,0,MBNMS,KATTUN,IP
Vista del Mar,2011-01-01,1,MBNMS,KATTUN,IP
Vista del Mar,2015-01-01,0,MBNMS,KATTUN,IP
Vista del Mar,2016-01-01,0,MBNMS,KATTUN,IP
Wilder Ranch,2007-01-01,0,MBNMS,KATTUN,IP
Wilder Ranch,2008-01-01,0,MBNMS,KATTUN,IP
Wilder Ranch,2009-01-01,0,MBNMS,KATTUN,IP
Wilder Ranch,2011-01-01,0,MBNMS,KATTUN,IP
MBNMS,2005-06-15,21.142857142857142,MBNMS,KATTUN,IP
MBNMS,2006-06-15,25.142857142857142,MBNMS,KATTUN,IP
MBNMS,2007-06-15,22.807692307692307,MBNMS,KATTUN,IP
MBNMS,2008-06-15,23.5,MBNMS,KATTUN,IP
MBNMS,2009-06-15,21.633333333333333,MBNMS,KATTUN,IP
MBNMS,2010-06-15,34.375,MBNMS,KATTUN,IP
MBNMS,2011-06-15,24.966666666666665,MBNMS,KATTUN,IP
MBNMS,2012-06-15,27.625,MBNMS,KATTUN,IP
MBNMS,2013-06-15,35,MBNMS,KATTUN,IP
MBNMS,2014-06-15,39.125,MBNMS,KATTUN,IP
MBNMS,2015-06-15,27.9,MBNMS,KATTUN,IP
MBNMS,2016-06-15,21.9,MBNMS,KATTUN,IP
MBNMS,2017-06-15,17,MBNMS,KATTUN,IP
MBNMS,2018-06-15,12.3,MBNMS,KATTUN,IP
MBNMS,2019-06-15,10.714285714285714,MBNMS,KATTUN,IP
Point Bonita,2000-01-01,2,MBNMS,LEPTAS,BT
Point Bonita,2001-01-01,125,MBNMS,LEPTAS,BT
Point Bonita,2002-01-01,377,MBNMS,LEPTAS,BT
Point Bonita,2003-01-01,250,MBNMS,LEPTAS,BT
Point Bonita,2004-01-01,183.5,MBNMS,LEPTAS,BT
Point Bonita,2005-01-01,29,MBNMS,LEPTAS,BT
Point Bonita,2010-01-01,191,MBNMS,LEPTAS,BT
Point Bonita,2011-01-01,18,MBNMS,LEPTAS,BT
Point Bonita,2013-01-01,33,MBNMS,LEPTAS,BT
Point Bonita,2014-01-01,189,MBNMS,LEPTAS,BT
Point Bonita,2015-01-01,3,MBNMS,LEPTAS,BT
Point Bonita,2018-01-01,0,MBNMS,LEPTAS,BT
Slide Ranch,1989-01-01,240,MBNMS,LEPTAS,BT
Slide Ranch,1990-01-01,75,MBNMS,LEPTAS,BT
Slide Ranch,1991-01-01,68,MBNMS,LEPTAS,BT
Slide Ranch,1992-01-01,108,MBNMS,LEPTAS,BT
Slide Ranch,1994-01-01,5,MBNMS,LEPTAS,BT
Slide Ranch,2001-01-01,79.5,MBNMS,LEPTAS,BT
Slide Ranch,2002-01-01,492,MBNMS,LEPTAS,BT
Slide Ranch,2003-01-01,242,MBNMS,LEPTAS,BT
Slide Ranch,2004-01-01,310.5,MBNMS,LEPTAS,BT
Slide Ranch,2005-01-01,12,MBNMS,LEPTAS,BT
Slide Ranch,2012-01-01,1,MBNMS,LEPTAS,BT
Slide Ranch,2013-01-01,48,MBNMS,LEPTAS,BT
Slide Ranch,2014-01-01,30,MBNMS,LEPTAS,BT
Slide Ranch,2017-01-01,0,MBNMS,LEPTAS,BT
Slide Ranch,2018-01-01,0,MBNMS,LEPTAS,BT
MBNMS,1989-06-15,240,MBNMS,LEPTAS,BT
MBNMS,1990-06-15,75,MBNMS,LEPTAS,BT
MBNMS,1991-06-15,68,MBNMS,LEPTAS,BT
MBNMS,1992-06-15,108,MBNMS,LEPTAS,BT
MBNMS,1994-06-15,5,MBNMS,LEPTAS,BT
MBNMS,2000-06-15,2,MBNMS,LEPTAS,BT
MBNMS,2001-06-15,102.25,MBNMS,LEPTAS,BT
MBNMS,2002-06-15,434.5,MBNMS,LEPTAS,BT
MBNMS,2003-06-15,246,MBNMS,LEPTAS,BT
MBNMS,2004-06-15,247,MBNMS,LEPTAS,BT
MBNMS,2005-06-15,20.5,MBNMS,LEPTAS,BT
MBNMS,2010-06-15,191,MBNMS,LEPTAS,BT
MBNMS,2011-06-15,18,MBNMS,LEPTAS,BT
MBNMS,2012-06-15,1,MBNMS,LEPTAS,BT
MBNMS,2013-06-15,40.5,MBNMS,LEPTAS,BT
MBNMS,2014-06-15,109.5,MBNMS,LEPTAS,BT
MBNMS,2015-06-15,3,MBNMS,LEPTAS,BT
MBNMS,2017-06-15,0,MBNMS,LEPTAS,BT
MBNMS,2018-06-15,0,MBNMS,LEPTAS,BT
Andrew Molera,2010-01-01,4,MBNMS,LEPTAS,IP
Andrew Molera,2011-01-01,4,MBNMS,LEPTAS,IP
Andrew Molera,2013-01-01,20,MBNMS,LEPTAS,IP
Andrew Molera,2014-01-01,21.5,MBNMS,LEPTAS,IP
Andrew Molera,2015-01-01,16.5,MBNMS,LEPTAS,IP
Andrew Molera,2016-01-01,14,MBNMS,LEPTAS,IP
Andrew Molera,2017-01-01,24,MBNMS,LEPTAS,IP
Andrew Molera,2018-01-01,28,MBNMS,LEPTAS,IP
Andrew Molera,2019-01-01,15,MBNMS,LEPTAS,IP
China Rocks,2018-01-01,32,MBNMS,LEPTAS,IP
Davenport Landing,2011-01-01,3,MBNMS,LEPTAS,IP
Davenport Landing,2017-01-01,1,MBNMS,LEPTAS,IP
Garrapata,2018-01-01,65,MBNMS,LEPTAS,IP
Hopkins,2011-01-01,16,MBNMS,LEPTAS,IP
Hopkins,2013-01-01,6,MBNMS,LEPTAS,IP
Hopkins,2014-01-01,39,MBNMS,LEPTAS,IP
Hopkins,2015-01-01,8.5,MBNMS,LEPTAS,IP
Hopkins,2016-01-01,7,MBNMS,LEPTAS,IP
Hopkins,2017-01-01,33,MBNMS,LEPTAS,IP
Hopkins,2018-01-01,35,MBNMS,LEPTAS,IP
Hopkins,2019-01-01,19,MBNMS,LEPTAS,IP
Mill Creek,2011-01-01,16,MBNMS,LEPTAS,IP
Mill Creek,2013-01-01,34,MBNMS,LEPTAS,IP
Mill Creek,2014-01-01,45.5,MBNMS,LEPTAS,IP
Mill Creek,2015-01-01,12,MBNMS,LEPTAS,IP
Mill Creek,2016-01-01,22,MBNMS,LEPTAS,IP
Mill Creek,2017-01-01,19,MBNMS,LEPTAS,IP
Mill Creek,2018-01-01,6,MBNMS,LEPTAS,IP
Mill Creek,2019-01-01,13,MBNMS,LEPTAS,IP
Piedras Blancas,2011-01-01,3,MBNMS,LEPTAS,IP
Piedras Blancas,2017-01-01,3,MBNMS,LEPTAS,IP
Point Lobos,2013-01-01,30,MBNMS,LEPTAS,IP
Point Lobos,2014-01-01,11.5,MBNMS,LEPTAS,IP
Point Lobos,2015-01-01,15,MBNMS,LEPTAS,IP
Point Lobos,2016-01-01,4,MBNMS,LEPTAS,IP
Point Lobos,2017-01-01,17,MBNMS,LEPTAS,IP
Point Lobos,2018-01-01,7,MBNMS,LEPTAS,IP
Point Lobos,2019-01-01,4,MBNMS,LEPTAS,IP
Point Pinos,2011-01-01,19,MBNMS,LEPTAS,IP
Point Pinos,2017-01-01,30,MBNMS,LEPTAS,IP
Point Sierra Nevada,2014-01-01,1.5,MBNMS,LEPTAS,IP
Point Sierra Nevada,2015-01-01,2.5,MBNMS,LEPTAS,IP
Point Sierra Nevada,2016-01-01,6,MBNMS,LEPTAS,IP
Point Sierra Nevada,2017-01-01,1,MBNMS,LEPTAS,IP
Point Sierra Nevada,2018-01-01,0,MBNMS,LEPTAS,IP
Scott Creek,2010-01-01,6,MBNMS,LEPTAS,IP
Scott Creek,2011-01-01,3,MBNMS,LEPTAS,IP
Scott Creek,2013-01-01,91,MBNMS,LEPTAS,IP
Scott Creek,2014-01-01,41,MBNMS,LEPTAS,IP
Scott Creek,2015-01-01,32,MBNMS,LEPTAS,IP
Scott Creek,2016-01-01,5,MBNMS,LEPTAS,IP
Scott Creek,2017-01-01,24,MBNMS,LEPTAS,IP
Scott Creek,2018-01-01,61,MBNMS,LEPTAS,IP
Scott Creek,2019-01-01,15,MBNMS,LEPTAS,IP
Stillwater,2011-01-01,7,MBNMS,LEPTAS,IP
Stillwater,2013-01-01,175,MBNMS,LEPTAS,IP
Stillwater,2014-01-01,49.5,MBNMS,LEPTAS,IP
Stillwater,2015-01-01,15.5,MBNMS,LEPTAS,IP
Stillwater,2016-01-01,25,MBNMS,LEPTAS,IP
Stillwater,2017-01-01,10,MBNMS,LEPTAS,IP
Stillwater,2018-01-01,109,MBNMS,LEPTAS,IP
Stillwater,2019-01-01,105,MBNMS,LEPTAS,IP
Terrace Point,2014-01-01,1.5,MBNMS,LEPTAS,IP
Terrace Point,2016-01-01,2,MBNMS,LEPTAS,IP
Terrace Point,2017-01-01,2,MBNMS,LEPTAS,IP
Terrace Point,2018-01-01,1,MBNMS,LEPTAS,IP
Terrace Point,2019-01-01,0,MBNMS,LEPTAS,IP
MBNMS,2010-06-15,5,MBNMS,LEPTAS,IP
MBNMS,2011-06-15,8.875,MBNMS,LEPTAS,IP
MBNMS,2013-06-15,59.333333333333336,MBNMS,LEPTAS,IP
MBNMS,2014-06-15,26.375,MBNMS,LEPTAS,IP
MBNMS,2015-06-15,14.571428571428571,MBNMS,LEPTAS,IP
MBNMS,2016-06-15,10.625,MBNMS,LEPTAS,IP
MBNMS,2017-06-15,14.909090909090908,MBNMS,LEPTAS,IP
MBNMS,2018-06-15,34.4,MBNMS,LEPTAS,IP
MBNMS,2019-06-15,24.428571428571427,MBNMS,LEPTAS,IP
Point Bonita,2002-01-01,1,MBNMS,PATMIN,BT
Point Bonita,2004-01-01,1,MBNMS,PATMIN,BT
Point Bonita,2005-01-01,1,MBNMS,PATMIN,BT
Point Bonita,2007-01-01,4,MBNMS,PATMIN,BT
Point Bonita,2008-01-01,3,MBNMS,PATMIN,BT
Point Bonita,2010-01-01,2,MBNMS,PATMIN,BT
Point Bonita,2011-01-01,4,MBNMS,PATMIN,BT
Point Bonita,2013-01-01,2,MBNMS,PATMIN,BT
Point Bonita,2014-01-01,4,MBNMS,PATMIN,BT
Point Bonita,2015-01-01,2,MBNMS,PATMIN,BT
Point Bonita,2016-01-01,3,MBNMS,PATMIN,BT
Point Bonita,2018-01-01,0,MBNMS,PATMIN,BT
Slide Ranch,2017-01-01,0,MBNMS,PATMIN,BT
Slide Ranch,2018-01-01,0,MBNMS,PATMIN,BT
MBNMS,2002-06-15,1,MBNMS,PATMIN,BT
MBNMS,2004-06-15,1,MBNMS,PATMIN,BT
MBNMS,2005-06-15,1,MBNMS,PATMIN,BT
MBNMS,2007-06-15,4,MBNMS,PATMIN,BT
MBNMS,2008-06-15,3,MBNMS,PATMIN,BT
MBNMS,2010-06-15,2,MBNMS,PATMIN,BT
MBNMS,2011-06-15,4,MBNMS,PATMIN,BT
MBNMS,2013-06-15,2,MBNMS,PATMIN,BT
MBNMS,2014-06-15,4,MBNMS,PATMIN,BT
MBNMS,2015-06-15,2,MBNMS,PATMIN,BT
MBNMS,2016-06-15,3,MBNMS,PATMIN,BT
MBNMS,2017-06-15,0,MBNMS,PATMIN,BT
MBNMS,2018-06-15,0,MBNMS,PATMIN,BT
Andrew Molera,2008-01-01,1,MBNMS,PATMIN,IP
Andrew Molera,2014-01-01,1,MBNMS,PATMIN,IP
Andrew Molera,2015-01-01,2,MBNMS,PATMIN,IP
Andrew Molera,2016-01-01,5,MBNMS,PATMIN,IP
Andrew Molera,2017-01-01,2,MBNMS,PATMIN,IP
Andrew Molera,2018-01-01,1,MBNMS,PATMIN,IP
Andrew Molera,2019-01-01,0,MBNMS,PATMIN,IP
China Rocks,2018-01-01,3,MBNMS,PATMIN,IP
Davenport Landing,2017-01-01,0,MBNMS,PATMIN,IP
Garrapata,2007-01-01,1,MBNMS,PATMIN,IP
Garrapata,2018-01-01,1,MBNMS,PATMIN,IP
Hopkins,2005-01-01,1,MBNMS,PATMIN,IP
Hopkins,2007-01-01,4,MBNMS,PATMIN,IP
Hopkins,2008-01-01,2,MBNMS,PATMIN,IP
Hopkins,2009-01-01,1,MBNMS,PATMIN,IP
Hopkins,2010-01-01,2.5,MBNMS,PATMIN,IP
Hopkins,2013-01-01,4,MBNMS,PATMIN,IP
Hopkins,2014-01-01,8,MBNMS,PATMIN,IP
Hopkins,2015-01-01,17.5,MBNMS,PATMIN,IP
Hopkins,2016-01-01,22,MBNMS,PATMIN,IP
Hopkins,2017-01-01,1,MBNMS,PATMIN,IP
Hopkins,2018-01-01,10,MBNMS,PATMIN,IP
Hopkins,2019-01-01,6,MBNMS,PATMIN,IP
Mill Creek,2006-01-01,1,MBNMS,PATMIN,IP
Mill Creek,2011-01-01,1,MBNMS,PATMIN,IP
Mill Creek,2013-01-01,1,MBNMS,PATMIN,IP
Mill Creek,2014-01-01,1,MBNMS,PATMIN,IP
Mill Creek,2015-01-01,1,MBNMS,PATMIN,IP
Mill Creek,2016-01-01,4,MBNMS,PATMIN,IP
Mill Creek,2017-01-01,1,MBNMS,PATMIN,IP
Mill Creek,2018-01-01,1,MBNMS,PATMIN,IP
Mill Creek,2019-01-01,5,MBNMS,PATMIN,IP
Piedras Blancas,2011-01-01,1,MBNMS,PATMIN,IP
Piedras Blancas,2017-01-01,4,MBNMS,PATMIN,IP
Point Lobos,2007-01-01,3,MBNMS,PATMIN,IP
Point Lobos,2008-01-01,2,MBNMS,PATMIN,IP
Point Lobos,2009-01-01,3,MBNMS,PATMIN,IP
Point Lobos,2010-01-01,3,MBNMS,PATMIN,IP
Point Lobos,2011-01-01,1,MBNMS,PATMIN,IP
Point Lobos,2012-01-01,2,MBNMS,PATMIN,IP
Point Lobos,2015-01-01,2.5,MBNMS,PATMIN,IP
Point Lobos,2016-01-01,2,MBNMS,PATMIN,IP
Point Lobos,2017-01-01,1,MBNMS,PATMIN,IP
Point Lobos,2018-01-01,1,MBNMS,PATMIN,IP
Point Lobos,2019-01-01,1,MBNMS,PATMIN,IP
Point Pinos,2007-01-01,17,MBNMS,PATMIN,IP
Point Pinos,2008-01-01,17,MBNMS,PATMIN,IP
Point Pinos,2009-01-01,11,MBNMS,PATMIN,IP
Point Pinos,2011-01-01,10,MBNMS,PATMIN,IP
Point Pinos,2017-01-01,26,MBNMS,PATMIN,IP
Point Sierra Nevada,1995-01-01,0,MBNMS,PATMIN,IP
Point Sierra Nevada,1996-01-01,0,MBNMS,PATMIN,IP
Point Sierra Nevada,1997-01-01,0,MBNMS,PATMIN,IP
Point Sierra Nevada,1998-01-01,0,MBNMS,PATMIN,IP
Point Sierra Nevada,1999-01-01,0,MBNMS,PATMIN,IP
Point Sierra Nevada,2000-01-01,0,MBNMS,PATMIN,IP
Point Sierra Nevada,2001-01-01,0,MBNMS,PATMIN,IP
Point Sierra Nevada,2002-01-01,0,MBNMS,PATMIN,IP
Point Sierra Nevada,2003-01-01,0,MBNMS,PATMIN,IP
Point Sierra Nevada,2017-01-01,0,MBNMS,PATMIN,IP
Point Sierra Nevada,2018-01-01,0,MBNMS,PATMIN,IP
Scott Creek,2006-01-01,1,MBNMS,PATMIN,IP
Scott Creek,2009-01-01,1,MBNMS,PATMIN,IP
Scott Creek,2010-01-01,1,MBNMS,PATMIN,IP
Scott Creek,2017-01-01,0,MBNMS,PATMIN,IP
Scott Creek,2018-01-01,0,MBNMS,PATMIN,IP
Scott Creek,2019-01-01,0,MBNMS,PATMIN,IP
Stillwater,2006-01-01,1,MBNMS,PATMIN,IP
Stillwater,2010-01-01,1,MBNMS,PATMIN,IP
Stillwater,2011-01-01,2,MBNMS,PATMIN,IP
Stillwater,2012-01-01,1,MBNMS,PATMIN,IP
Stillwater,2014-01-01,1,MBNMS,PATMIN,IP
Stillwater,2015-01-01,2,MBNMS,PATMIN,IP
Stillwater,2017-01-01,0,MBNMS,PATMIN,IP
Stillwater,2018-01-01,4,MBNMS,PATMIN,IP
Stillwater,2019-01-01,3,MBNMS,PATMIN,IP
Terrace Point,2017-01-01,0,MBNMS,PATMIN,IP
Terrace Point,2018-01-01,0,MBNMS,PATMIN,IP
Terrace Point,2019-01-01,0,MBNMS,PATMIN,IP
Vista del Mar,2009-01-01,1,MBNMS,PATMIN,IP
MBNMS,1995-06-15,0,MBNMS,PATMIN,IP
MBNMS,1996-06-15,0,MBNMS,PATMIN,IP
MBNMS,1997-06-15,0,MBNMS,PATMIN,IP
MBNMS,1998-06-15,0,MBNMS,PATMIN,IP
MBNMS,1999-06-15,0,MBNMS,PATMIN,IP
MBNMS,2000-06-15,0,MBNMS,PATMIN,IP
MBNMS,2001-06-15,0,MBNMS,PATMIN,IP
MBNMS,2002-06-15,0,MBNMS,PATMIN,IP
MBNMS,2003-06-15,0,MBNMS,PATMIN,IP
MBNMS,2005-06-15,1,MBNMS,PATMIN,IP
MBNMS,2006-06-15,1,MBNMS,PATMIN,IP
MBNMS,2007-06-15,6.25,MBNMS,PATMIN,IP
MBNMS,2008-06-15,5.5,MBNMS,PATMIN,IP
MBNMS,2009-06-15,3.4,MBNMS,PATMIN,IP
MBNMS,2010-06-15,1.875,MBNMS,PATMIN,IP
MBNMS,2011-06-15,3,MBNMS,PATMIN,IP
MBNMS,2012-06-15,1.5,MBNMS,PATMIN,IP
MBNMS,2013-06-15,2.5,MBNMS,PATMIN,IP
MBNMS,2014-06-15,2.75,MBNMS,PATMIN,IP
MBNMS,2015-06-15,5,MBNMS,PATMIN,IP
MBNMS,2016-06-15,8.25,MBNMS,PATMIN,IP
MBNMS,2017-06-15,3.1818181818181817,MBNMS,PATMIN,IP
MBNMS,2018-06-15,2.1,MBNMS,PATMIN,IP
MBNMS,2019-06-15,2.142857142857143,MBNMS,PATMIN,IP
Point Bonita,2001-01-01,1,MBNMS,PISBRE,BT
Point Bonita,2002-01-01,7,MBNMS,PISBRE,BT
Point Bonita,2003-01-01,1,MBNMS,PISBRE,BT
Point Bonita,2004-01-01,2,MBNMS,PISBRE,BT
Point Bonita,2013-01-01,0,MBNMS,PISBRE,BT
Point Bonita,2018-01-01,0,MBNMS,PISBRE,BT
Slide Ranch,2004-01-01,2,MBNMS,PISBRE,BT
Slide Ranch,2017-01-01,0,MBNMS,PISBRE,BT
Slide Ranch,2018-01-01,0,MBNMS,PISBRE,BT
MBNMS,2001-06-15,1,MBNMS,PISBRE,BT
MBNMS,2002-06-15,7,MBNMS,PISBRE,BT
MBNMS,2003-06-15,1,MBNMS,PISBRE,BT
MBNMS,2004-06-15,2,MBNMS,PISBRE,BT
MBNMS,2013-06-15,0,MBNMS,PISBRE,BT
MBNMS,2017-06-15,0,MBNMS,PISBRE,BT
MBNMS,2018-06-15,0,MBNMS,PISBRE,BT
Andrew Molera,2017-01-01,0,MBNMS,PISBRE,IP
Andrew Molera,2018-01-01,0,MBNMS,PISBRE,IP
Andrew Molera,2019-01-01,0,MBNMS,PISBRE,IP
China Rocks,2018-01-01,0,MBNMS,PISBRE,IP
Davenport Landing,2017-01-01,0,MBNMS,PISBRE,IP
Garrapata,2009-01-01,1,MBNMS,PISBRE,IP
Garrapata,2018-01-01,0,MBNMS,PISBRE,IP
Hopkins,2017-01-01,0,MBNMS,PISBRE,IP
Hopkins,2018-01-01,0,MBNMS,PISBRE,IP
Hopkins,2019-01-01,0,MBNMS,PISBRE,IP
Mill Creek,2017-01-01,0,MBNMS,PISBRE,IP
Mill Creek,2018-01-01,0,MBNMS,PISBRE,IP
Mill Creek,2019-01-01,0,MBNMS,PISBRE,IP
Piedras Blancas,2017-01-01,0,MBNMS,PISBRE,IP
Point Lobos,2017-01-01,0,MBNMS,PISBRE,IP
Point Lobos,2018-01-01,0,MBNMS,PISBRE,IP
Point Lobos,2019-01-01,0,MBNMS,PISBRE,IP
Point Pinos,2017-01-01,0,MBNMS,PISBRE,IP
Point Sierra Nevada,2017-01-01,0,MBNMS,PISBRE,IP
Point Sierra Nevada,2018-01-01,0,MBNMS,PISBRE,IP
Scott Creek,2011-01-01,1,MBNMS,PISBRE,IP
Scott Creek,2017-01-01,0,MBNMS,PISBRE,IP
Scott Creek,2018-01-01,0,MBNMS,PISBRE,IP
Scott Creek,2019-01-01,0,MBNMS,PISBRE,IP
Stillwater,2017-01-01,0,MBNMS,PISBRE,IP
Stillwater,2018-01-01,0,MBNMS,PISBRE,IP
Stillwater,2019-01-01,0,MBNMS,PISBRE,IP
Terrace Point,2017-01-01,0,MBNMS,PISBRE,IP
Terrace Point,2018-01-01,0,MBNMS,PISBRE,IP
Terrace Point,2019-01-01,0,MBNMS,PISBRE,IP
Vista del Mar,2008-01-01,1,MBNMS,PISBRE,IP
MBNMS,2008-06-15,1,MBNMS,PISBRE,IP
MBNMS,2009-06-15,1,MBNMS,PISBRE,IP
MBNMS,2011-06-15,1,MBNMS,PISBRE,IP
MBNMS,2017-06-15,0,MBNMS,PISBRE,IP
MBNMS,2018-06-15,0,MBNMS,PISBRE,IP
MBNMS,2019-06-15,0,MBNMS,PISBRE,IP
Andrew Molera,2017-01-01,0,MBNMS,PISGIG,IP
Andrew Molera,2018-01-01,0,MBNMS,PISGIG,IP
Andrew Molera,2019-01-01,0,MBNMS,PISGIG,IP
China Rocks,2018-01-01,0,MBNMS,PISGIG,IP
Davenport Landing,2017-01-01,0,MBNMS,PISGIG,IP
Garrapata,2018-01-01,0,MBNMS,PISGIG,IP
Hopkins,2005-01-01,1,MBNMS,PISGIG,IP
Hopkins,2006-01-01,1,MBNMS,PISGIG,IP
Hopkins,2013-01-01,1,MBNMS,PISGIG,IP
Hopkins,2015-01-01,1,MBNMS,PISGIG,IP
Hopkins,2017-01-01,0,MBNMS,PISGIG,IP
Hopkins,2018-01-01,0,MBNMS,PISGIG,IP
Hopkins,2019-01-01,1,MBNMS,PISGIG,IP
Mill Creek,2017-01-01,0,MBNMS,PISGIG,IP
Mill Creek,2018-01-01,0,MBNMS,PISGIG,IP
Mill Creek,2019-01-01,0,MBNMS,PISGIG,IP
Piedras Blancas,2017-01-01,0,MBNMS,PISGIG,IP
Point Lobos,2009-01-01,1,MBNMS,PISGIG,IP
Point Lobos,2010-01-01,1,MBNMS,PISGIG,IP
Point Lobos,2015-01-01,1,MBNMS,PISGIG,IP
Point Lobos,2017-01-01,0,MBNMS,PISGIG,IP
Point Lobos,2018-01-01,0,MBNMS,PISGIG,IP
Point Lobos,2019-01-01,0,MBNMS,PISGIG,IP
Point Pinos,2007-01-01,1,MBNMS,PISGIG,IP
Point Pinos,2017-01-01,1,MBNMS,PISGIG,IP
Point Sierra Nevada,1995-01-01,0,MBNMS,PISGIG,IP
Point Sierra Nevada,1996-01-01,0,MBNMS,PISGIG,IP
Point Sierra Nevada,1997-01-01,0,MBNMS,PISGIG,IP
Point Sierra Nevada,1998-01-01,0,MBNMS,PISGIG,IP
Point Sierra Nevada,1999-01-01,0,MBNMS,PISGIG,IP
Point Sierra Nevada,2000-01-01,0,MBNMS,PISGIG,IP
Point Sierra Nevada,2001-01-01,0,MBNMS,PISGIG,IP
Point Sierra Nevada,2002-01-01,0,MBNMS,PISGIG,IP
Point Sierra Nevada,2003-01-01,0,MBNMS,PISGIG,IP
Point Sierra Nevada,2017-01-01,0,MBNMS,PISGIG,IP
Point Sierra Nevada,2018-01-01,0,MBNMS,PISGIG,IP
Scott Creek,2015-01-01,1,MBNMS,PISGIG,IP
Scott Creek,2017-01-01,0,MBNMS,PISGIG,IP
Scott Creek,2018-01-01,0,MBNMS,PISGIG,IP
Scott Creek,2019-01-01,0,MBNMS,PISGIG,IP
Stillwater,2017-01-01,0,MBNMS,PISGIG,IP
Stillwater,2018-01-01,0,MBNMS,PISGIG,IP
Stillwater,2019-01-01,0,MBNMS,PISGIG,IP
Terrace Point,2017-01-01,0,MBNMS,PISGIG,IP
Terrace Point,2018-01-01,0,MBNMS,PISGIG,IP
Terrace Point,2019-01-01,0,MBNMS,PISGIG,IP
Vista del Mar,2009-01-01,1,MBNMS,PISGIG,IP
MBNMS,1995-06-15,0,MBNMS,PISGIG,IP
MBNMS,1996-06-15,0,MBNMS,PISGIG,IP
MBNMS,1997-06-15,0,MBNMS,PISGIG,IP
MBNMS,1998-06-15,0,MBNMS,PISGIG,IP
MBNMS,1999-06-15,0,MBNMS,PISGIG,IP
MBNMS,2000-06-15,0,MBNMS,PISGIG,IP
MBNMS,2001-06-15,0,MBNMS,PISGIG,IP
MBNMS,2002-06-15,0,MBNMS,PISGIG,IP
MBNMS,2003-06-15,0,MBNMS,PISGIG,IP
MBNMS,2005-06-15,1,MBNMS,PISGIG,IP
MBNMS,2006-06-15,1,MBNMS,PISGIG,IP
MBNMS,2007-06-15,1,MBNMS,PISGIG,IP
MBNMS,2009-06-15,1,MBNMS,PISGIG,IP
MBNMS,2010-06-15,1,MBNMS,PISGIG,IP
MBNMS,2013-06-15,1,MBNMS,PISGIG,IP
MBNMS,2015-06-15,1,MBNMS,PISGIG,IP
MBNMS,2017-06-15,0.09090909090909091,MBNMS,PISGIG,IP
MBNMS,2018-06-15,0,MBNMS,PISGIG,IP
MBNMS,2019-06-15,0.14285714285714285,MBNMS,PISGIG,IP
Point Bonita,1998-01-01,11,MBNMS,PISOCH,BT
Point Bonita,2000-01-01,26,MBNMS,PISOCH,BT
Point Bonita,2001-01-01,38,MBNMS,PISOCH,BT
Point Bonita,2002-01-01,34.5,MBNMS,PISOCH,BT
Point Bonita,2003-01-01,18.5,MBNMS,PISOCH,BT
Point Bonita,2004-01-01,48,MBNMS,PISOCH,BT
Point Bonita,2005-01-01,36,MBNMS,PISOCH,BT
Point Bonita,2006-01-01,25,MBNMS,PISOCH,BT
Point Bonita,2007-01-01,29,MBNMS,PISOCH,BT
Point Bonita,2008-01-01,42,MBNMS,PISOCH,BT
Point Bonita,2009-01-01,38,MBNMS,PISOCH,BT
Point Bonita,2010-01-01,28,MBNMS,PISOCH,BT
Point Bonita,2011-01-01,11,MBNMS,PISOCH,BT
Point Bonita,2012-01-01,20,MBNMS,PISOCH,BT
Point Bonita,2013-01-01,5,MBNMS,PISOCH,BT
Point Bonita,2014-01-01,0,MBNMS,PISOCH,BT
Point Bonita,2015-01-01,0,MBNMS,PISOCH,BT
Point Bonita,2016-01-01,0,MBNMS,PISOCH,BT
Point Bonita,2017-01-01,0,MBNMS,PISOCH,BT
Point Bonita,2018-01-01,0,MBNMS,PISOCH,BT
Slide Ranch,1989-01-01,173,MBNMS,PISOCH,BT
Slide Ranch,1990-01-01,288,MBNMS,PISOCH,BT
Slide Ranch,1991-01-01,180,MBNMS,PISOCH,BT
Slide Ranch,1992-01-01,223.33333333333334,MBNMS,PISOCH,BT
Slide Ranch,1994-01-01,201,MBNMS,PISOCH,BT
Slide Ranch,2001-01-01,46.5,MBNMS,PISOCH,BT
Slide Ranch,2002-01-01,74,MBNMS,PISOCH,BT
Slide Ranch,2003-01-01,44.5,MBNMS,PISOCH,BT
Slide Ranch,2004-01-01,73,MBNMS,PISOCH,BT
Slide Ranch,2005-01-01,11,MBNMS,PISOCH,BT
Slide Ranch,2006-01-01,94,MBNMS,PISOCH,BT
Slide Ranch,2007-01-01,97,MBNMS,PISOCH,BT
Slide Ranch,2008-01-01,73,MBNMS,PISOCH,BT
Slide Ranch,2009-01-01,83,MBNMS,PISOCH,BT
Slide Ranch,2010-01-01,29,MBNMS,PISOCH,BT
Slide Ranch,2011-01-01,83,MBNMS,PISOCH,BT
Slide Ranch,2012-01-01,68,MBNMS,PISOCH,BT
Slide Ranch,2013-01-01,41,MBNMS,PISOCH,BT
Slide Ranch,2014-01-01,27,MBNMS,PISOCH,BT
Slide Ranch,2015-01-01,15,MBNMS,PISOCH,BT
Slide Ranch,2016-01-01,11,MBNMS,PISOCH,BT
Slide Ranch,2017-01-01,9,MBNMS,PISOCH,BT
Slide Ranch,2018-01-01,10,MBNMS,PISOCH,BT
MBNMS,1989-06-15,173,MBNMS,PISOCH,BT
MBNMS,1990-06-15,288,MBNMS,PISOCH,BT
MBNMS,1991-06-15,180,MBNMS,PISOCH,BT
MBNMS,1992-06-15,223.33333333333334,MBNMS,PISOCH,BT
MBNMS,1994-06-15,201,MBNMS,PISOCH,BT
MBNMS,1998-06-15,11,MBNMS,PISOCH,BT
MBNMS,2000-06-15,26,MBNMS,PISOCH,BT
MBNMS,2001-06-15,42.25,MBNMS,PISOCH,BT
MBNMS,2002-06-15,54.25,MBNMS,PISOCH,BT
MBNMS,2003-06-15,31.5,MBNMS,PISOCH,BT
MBNMS,2004-06-15,60.5,MBNMS,PISOCH,BT
MBNMS,2005-06-15,23.5,MBNMS,PISOCH,BT
MBNMS,2006-06-15,59.5,MBNMS,PISOCH,BT
MBNMS,2007-06-15,63,MBNMS,PISOCH,BT
MBNMS,2008-06-15,57.5,MBNMS,PISOCH,BT
MBNMS,2009-06-15,60.5,MBNMS,PISOCH,BT
MBNMS,2010-06-15,28.5,MBNMS,PISOCH,BT
MBNMS,2011-06-15,47,MBNMS,PISOCH,BT
MBNMS,2012-06-15,44,MBNMS,PISOCH,BT
MBNMS,2013-06-15,23,MBNMS,PISOCH,BT
MBNMS,2014-06-15,13.5,MBNMS,PISOCH,BT
MBNMS,2015-06-15,7.5,MBNMS,PISOCH,BT
MBNMS,2016-06-15,5.5,MBNMS,PISOCH,BT
MBNMS,2017-06-15,4.5,MBNMS,PISOCH,BT
MBNMS,2018-06-15,5,MBNMS,PISOCH,BT
Andrew Molera,2001-01-01,67,MBNMS,PISOCH,IP
Andrew Molera,2002-01-01,73,MBNMS,PISOCH,IP
Andrew Molera,2003-01-01,93,MBNMS,PISOCH,IP
Andrew Molera,2004-01-01,112.5,MBNMS,PISOCH,IP
Andrew Molera,2005-01-01,134,MBNMS,PISOCH,IP
Andrew Molera,2006-01-01,149,MBNMS,PISOCH,IP
Andrew Molera,2007-01-01,148,MBNMS,PISOCH,IP
Andrew Molera,2008-01-01,129.5,MBNMS,PISOCH,IP
Andrew Molera,2009-01-01,100.5,MBNMS,PISOCH,IP
Andrew Molera,2010-01-01,126.5,MBNMS,PISOCH,IP
Andrew Molera,2011-01-01,79.5,MBNMS,PISOCH,IP
Andrew Molera,2012-01-01,103,MBNMS,PISOCH,IP
Andrew Molera,2013-01-01,102,MBNMS,PISOCH,IP
Andrew Molera,2014-01-01,60,MBNMS,PISOCH,IP
Andrew Molera,2015-01-01,102,MBNMS,PISOCH,IP
Andrew Molera,2016-01-01,99,MBNMS,PISOCH,IP
Andrew Molera,2017-01-01,113,MBNMS,PISOCH,IP
Andrew Molera,2018-01-01,73,MBNMS,PISOCH,IP
Andrew Molera,2019-01-01,42,MBNMS,PISOCH,IP
China Rocks,2018-01-01,0,MBNMS,PISOCH,IP
Davenport Landing,2007-01-01,98,MBNMS,PISOCH,IP
Davenport Landing,2008-01-01,68,MBNMS,PISOCH,IP
Davenport Landing,2009-01-01,58,MBNMS,PISOCH,IP
Davenport Landing,2011-01-01,26,MBNMS,PISOCH,IP
Davenport Landing,2017-01-01,77,MBNMS,PISOCH,IP
Garrapata,2007-01-01,52,MBNMS,PISOCH,IP
Garrapata,2008-01-01,29,MBNMS,PISOCH,IP
Garrapata,2009-01-01,41,MBNMS,PISOCH,IP
Garrapata,2011-01-01,30,MBNMS,PISOCH,IP
Garrapata,2018-01-01,3,MBNMS,PISOCH,IP
Hopkins,2001-01-01,64,MBNMS,PISOCH,IP
Hopkins,2002-01-01,60.5,MBNMS,PISOCH,IP
Hopkins,2003-01-01,84,MBNMS,PISOCH,IP
Hopkins,2004-01-01,89.5,MBNMS,PISOCH,IP
Hopkins,2005-01-01,94,MBNMS,PISOCH,IP
Hopkins,2006-01-01,110.5,MBNMS,PISOCH,IP
Hopkins,2007-01-01,135,MBNMS,PISOCH,IP
Hopkins,2008-01-01,92.5,MBNMS,PISOCH,IP
Hopkins,2009-01-01,98.5,MBNMS,PISOCH,IP
Hopkins,2010-01-01,47.5,MBNMS,PISOCH,IP
Hopkins,2011-01-01,21.5,MBNMS,PISOCH,IP
Hopkins,2012-01-01,23,MBNMS,PISOCH,IP
Hopkins,2013-01-01,29.5,MBNMS,PISOCH,IP
Hopkins,2014-01-01,14,MBNMS,PISOCH,IP
Hopkins,2015-01-01,14.5,MBNMS,PISOCH,IP
Hopkins,2016-01-01,17,MBNMS,PISOCH,IP
Hopkins,2017-01-01,9,MBNMS,PISOCH,IP
Hopkins,2018-01-01,19,MBNMS,PISOCH,IP
Hopkins,2019-01-01,20,MBNMS,PISOCH,IP
Mill Creek,1999-01-01,148,MBNMS,PISOCH,IP
Mill Creek,2000-01-01,144,MBNMS,PISOCH,IP
Mill Creek,2001-01-01,165.5,MBNMS,PISOCH,IP
Mill Creek,2002-01-01,333,MBNMS,PISOCH,IP
Mill Creek,2003-01-01,211.5,MBNMS,PISOCH,IP
Mill Creek,2004-01-01,330,MBNMS,PISOCH,IP
Mill Creek,2005-01-01,432,MBNMS,PISOCH,IP
Mill Creek,2006-01-01,454.5,MBNMS,PISOCH,IP
Mill Creek,2007-01-01,373,MBNMS,PISOCH,IP
Mill Creek,2008-01-01,363,MBNMS,PISOCH,IP
Mill Creek,2009-01-01,254,MBNMS,PISOCH,IP
Mill Creek,2010-01-01,160,MBNMS,PISOCH,IP
Mill Creek,2011-01-01,130.5,MBNMS,PISOCH,IP
Mill Creek,2012-01-01,152,MBNMS,PISOCH,IP
Mill Creek,2013-01-01,294.5,MBNMS,PISOCH,IP
Mill Creek,2014-01-01,194,MBNMS,PISOCH,IP
Mill Creek,2015-01-01,242.5,MBNMS,PISOCH,IP
Mill Creek,2016-01-01,171,MBNMS,PISOCH,IP
Mill Creek,2017-01-01,282,MBNMS,PISOCH,IP
Mill Creek,2018-01-01,189,MBNMS,PISOCH,IP
Mill Creek,2019-01-01,98,MBNMS,PISOCH,IP
Natural Bridges,2008-01-01,186,MBNMS,PISOCH,IP
Natural Bridges,2009-01-01,133,MBNMS,PISOCH,IP
Natural Bridges,2011-01-01,115,MBNMS,PISOCH,IP
Piedras Blancas,2007-01-01,174,MBNMS,PISOCH,IP
Piedras Blancas,2008-01-01,153,MBNMS,PISOCH,IP
Piedras Blancas,2009-01-01,129,MBNMS,PISOCH,IP
Piedras Blancas,2011-01-01,97,MBNMS,PISOCH,IP
Piedras Blancas,2017-01-01,58,MBNMS,PISOCH,IP
Point Lobos,2004-01-01,6,MBNMS,PISOCH,IP
Point Lobos,2005-01-01,2,MBNMS,PISOCH,IP
Point Lobos,2006-01-01,4.5,MBNMS,PISOCH,IP
Point Lobos,2007-01-01,2.5,MBNMS,PISOCH,IP
Point Lobos,2008-01-01,5,MBNMS,PISOCH,IP
Point Lobos,2009-01-01,6,MBNMS,PISOCH,IP
Point Lobos,2010-01-01,9.5,MBNMS,PISOCH,IP
Point Lobos,2011-01-01,7.5,MBNMS,PISOCH,IP
Point Lobos,2012-01-01,7,MBNMS,PISOCH,IP
Point Lobos,2013-01-01,3,MBNMS,PISOCH,IP
Point Lobos,2014-01-01,0.5,MBNMS,PISOCH,IP
Point Lobos,2015-01-01,1.5,MBNMS,PISOCH,IP
Point Lobos,2016-01-01,0,MBNMS,PISOCH,IP
Point Lobos,2017-01-01,0,MBNMS,PISOCH,IP
Point Lobos,2018-01-01,2,MBNMS,PISOCH,IP
Point Lobos,2019-01-01,0,MBNMS,PISOCH,IP
Point Pinos,2007-01-01,61,MBNMS,PISOCH,IP
Point Pinos,2008-01-01,39,MBNMS,PISOCH,IP
Point Pinos,2009-01-01,42,MBNMS,PISOCH,IP
Point Pinos,2011-01-01,19,MBNMS,PISOCH,IP
Point Pinos,2017-01-01,0,MBNMS,PISOCH,IP
Point Sierra Nevada,1995-01-01,46,MBNMS,PISOCH,IP
Point Sierra Nevada,1996-01-01,36,MBNMS,PISOCH,IP
Point Sierra Nevada,1997-01-01,23,MBNMS,PISOCH,IP
Point Sierra Nevada,1998-01-01,44,MBNMS,PISOCH,IP
Point Sierra Nevada,1999-01-01,50,MBNMS,PISOCH,IP
Point Sierra Nevada,2000-01-01,79.5,MBNMS,PISOCH,IP
Point Sierra Nevada,2001-01-01,61.5,MBNMS,PISOCH,IP
Point Sierra Nevada,2002-01-01,59.5,MBNMS,PISOCH,IP
Point Sierra Nevada,2003-01-01,77,MBNMS,PISOCH,IP
Point Sierra Nevada,2004-01-01,93.5,MBNMS,PISOCH,IP
Point Sierra Nevada,2005-01-01,63.5,MBNMS,PISOCH,IP
Point Sierra Nevada,2006-01-01,48,MBNMS,PISOCH,IP
Point Sierra Nevada,2007-01-01,34.5,MBNMS,PISOCH,IP
Point Sierra Nevada,2008-01-01,31,MBNMS,PISOCH,IP
Point Sierra Nevada,2009-01-01,21,MBNMS,PISOCH,IP
Point Sierra Nevada,2010-01-01,28.5,MBNMS,PISOCH,IP
Point Sierra Nevada,2011-01-01,31,MBNMS,PISOCH,IP
Point Sierra Nevada,2012-01-01,25,MBNMS,PISOCH,IP
Point Sierra Nevada,2013-01-01,20,MBNMS,PISOCH,IP
Point Sierra Nevada,2014-01-01,2,MBNMS,PISOCH,IP
Point Sierra Nevada,2015-01-01,4.5,MBNMS,PISOCH,IP
Point Sierra Nevada,2016-01-01,19.5,MBNMS,PISOCH,IP
Point Sierra Nevada,2017-01-01,2,MBNMS,PISOCH,IP
Point Sierra Nevada,2018-01-01,5,MBNMS,PISOCH,IP
Scott Creek,2000-01-01,155,MBNMS,PISOCH,IP
Scott Creek,2001-01-01,126,MBNMS,PISOCH,IP
Scott Creek,2002-01-01,148,MBNMS,PISOCH,IP
Scott Creek,2003-01-01,138,MBNMS,PISOCH,IP
Scott Creek,2004-01-01,177.5,MBNMS,PISOCH,IP
Scott Creek,2005-01-01,184.5,MBNMS,PISOCH,IP
Scott Creek,2006-01-01,264.5,MBNMS,PISOCH,IP
Scott Creek,2007-01-01,203.5,MBNMS,PISOCH,IP
Scott Creek,2008-01-01,329.5,MBNMS,PISOCH,IP
Scott Creek,2009-01-01,330.5,MBNMS,PISOCH,IP
Scott Creek,2010-01-01,300,MBNMS,PISOCH,IP
Scott Creek,2011-01-01,230.5,MBNMS,PISOCH,IP
Scott Creek,2012-01-01,206,MBNMS,PISOCH,IP
Scott Creek,2013-01-01,96.5,MBNMS,PISOCH,IP
Scott Creek,2014-01-01,29,MBNMS,PISOCH,IP
Scott Creek,2015-01-01,44.5,MBNMS,PISOCH,IP
Scott Creek,2016-01-01,68,MBNMS,PISOCH,IP
Scott Creek,2017-01-01,186,MBNMS,PISOCH,IP
Scott Creek,2018-01-01,321,MBNMS,PISOCH,IP
Scott Creek,2019-01-01,201,MBNMS,PISOCH,IP
Stillwater,2000-01-01,102,MBNMS,PISOCH,IP
Stillwater,2001-01-01,86.5,MBNMS,PISOCH,IP
Stillwater,2002-01-01,126.5,MBNMS,PISOCH,IP
Stillwater,2003-01-01,171.5,MBNMS,PISOCH,IP
Stillwater,2004-01-01,196,MBNMS,PISOCH,IP
Stillwater,2005-01-01,168.5,MBNMS,PISOCH,IP
Stillwater,2006-01-01,206.5,MBNMS,PISOCH,IP
Stillwater,2007-01-01,152,MBNMS,PISOCH,IP
Stillwater,2008-01-01,127.5,MBNMS,PISOCH,IP
Stillwater,2009-01-01,128,MBNMS,PISOCH,IP
Stillwater,2010-01-01,134.5,MBNMS,PISOCH,IP
Stillwater,2011-01-01,133,MBNMS,PISOCH,IP
Stillwater,2012-01-01,106,MBNMS,PISOCH,IP
Stillwater,2013-01-01,86.5,MBNMS,PISOCH,IP
Stillwater,2014-01-01,7.5,MBNMS,PISOCH,IP
Stillwater,2015-01-01,20,MBNMS,PISOCH,IP
Stillwater,2016-01-01,29,MBNMS,PISOCH,IP
Stillwater,2017-01-01,25,MBNMS,PISOCH,IP
Stillwater,2018-01-01,14,MBNMS,PISOCH,IP
Stillwater,2019-01-01,9,MBNMS,PISOCH,IP
Terrace Point,1999-01-01,80,MBNMS,PISOCH,IP
Terrace Point,2000-01-01,133,MBNMS,PISOCH,IP
Terrace Point,2001-01-01,137,MBNMS,PISOCH,IP
Terrace Point,2002-01-01,89.5,MBNMS,PISOCH,IP
Terrace Point,2003-01-01,51.5,MBNMS,PISOCH,IP
Terrace Point,2004-01-01,89.5,MBNMS,PISOCH,IP
Terrace Point,2005-01-01,149.5,MBNMS,PISOCH,IP
Terrace Point,2006-01-01,175.5,MBNMS,PISOCH,IP
Terrace Point,2007-01-01,187,MBNMS,PISOCH,IP
Terrace Point,2008-01-01,185,MBNMS,PISOCH,IP
Terrace Point,2009-01-01,186.5,MBNMS,PISOCH,IP
Terrace Point,2010-01-01,107,MBNMS,PISOCH,IP
Terrace Point,2011-01-01,135.5,MBNMS,PISOCH,IP
Terrace Point,2012-01-01,177,MBNMS,PISOCH,IP
Terrace Point,2013-01-01,72,MBNMS,PISOCH,IP
Terrace Point,2014-01-01,199,MBNMS,PISOCH,IP
Terrace Point,2015-01-01,75,MBNMS,PISOCH,IP
Terrace Point,2016-01-01,151,MBNMS,PISOCH,IP
Terrace Point,2017-01-01,90,MBNMS,PISOCH,IP
Terrace Point,2018-01-01,93,MBNMS,PISOCH,IP
Terrace Point,2019-01-01,61,MBNMS,PISOCH,IP
Vista del Mar,2007-01-01,108,MBNMS,PISOCH,IP
Vista del Mar,2008-01-01,75,MBNMS,PISOCH,IP
Vista del Mar,2009-01-01,108,MBNMS,PISOCH,IP
Vista del Mar,2011-01-01,79,MBNMS,PISOCH,IP
Wilder Ranch,2007-01-01,76,MBNMS,PISOCH,IP
Wilder Ranch,2008-01-01,70,MBNMS,PISOCH,IP
Wilder Ranch,2009-01-01,46,MBNMS,PISOCH,IP
Wilder Ranch,2011-01-01,37,MBNMS,PISOCH,IP
MBNMS,1995-06-15,46,MBNMS,PISOCH,IP
MBNMS,1996-06-15,36,MBNMS,PISOCH,IP
MBNMS,1997-06-15,23,MBNMS,PISOCH,IP
MBNMS,1998-06-15,44,MBNMS,PISOCH,IP
MBNMS,1999-06-15,92.66666666666667,MBNMS,PISOCH,IP
MBNMS,2000-06-15,122.7,MBNMS,PISOCH,IP
MBNMS,2001-06-15,101.07142857142857,MBNMS,PISOCH,IP
MBNMS,2002-06-15,127.14285714285714,MBNMS,PISOCH,IP
MBNMS,2003-06-15,118.07142857142857,MBNMS,PISOCH,IP
MBNMS,2004-06-15,136.8125,MBNMS,PISOCH,IP
MBNMS,2005-06-15,153.5,MBNMS,PISOCH,IP
MBNMS,2006-06-15,176.625,MBNMS,PISOCH,IP
MBNMS,2007-06-15,128.89285714285714,MBNMS,PISOCH,IP
MBNMS,2008-06-15,125.53333333333333,MBNMS,PISOCH,IP
MBNMS,2009-06-15,112.13333333333334,MBNMS,PISOCH,IP
MBNMS,2010-06-15,114.1875,MBNMS,PISOCH,IP
MBNMS,2011-06-15,78.13333333333334,MBNMS,PISOCH,IP
MBNMS,2012-06-15,99.875,MBNMS,PISOCH,IP
MBNMS,2013-06-15,88,MBNMS,PISOCH,IP
MBNMS,2014-06-15,63.25,MBNMS,PISOCH,IP
MBNMS,2015-06-15,63.0625,MBNMS,PISOCH,IP
MBNMS,2016-06-15,69.3125,MBNMS,PISOCH,IP
MBNMS,2017-06-15,76.54545454545455,MBNMS,PISOCH,IP
MBNMS,2018-06-15,71.9,MBNMS,PISOCH,IP
MBNMS,2019-06-15,61.57142857142857,MBNMS,PISOCH,IP
Andrew Molera,2006-01-01,1,MBNMS,PYCHEL,IP
Andrew Molera,2007-01-01,1,MBNMS,PYCHEL,IP
Andrew Molera,2011-01-01,2,MBNMS,PYCHEL,IP
Andrew Molera,2013-01-01,1,MBNMS,PYCHEL,IP
Andrew Molera,2017-01-01,0,MBNMS,PYCHEL,IP
Andrew Molera,2018-01-01,0,MBNMS,PYCHEL,IP
Andrew Molera,2019-01-01,0,MBNMS,PYCHEL,IP
China Rocks,2018-01-01,0,MBNMS,PYCHEL,IP
Davenport Landing,2017-01-01,0,MBNMS,PYCHEL,IP
Garrapata,2018-01-01,0,MBNMS,PYCHEL,IP
Hopkins,2005-01-01,1,MBNMS,PYCHEL,IP
Hopkins,2008-01-01,1,MBNMS,PYCHEL,IP
Hopkins,2017-01-01,0,MBNMS,PYCHEL,IP
Hopkins,2018-01-01,0,MBNMS,PYCHEL,IP
Hopkins,2019-01-01,0,MBNMS,PYCHEL,IP
Mill Creek,2017-01-01,0,MBNMS,PYCHEL,IP
Mill Creek,2018-01-01,0,MBNMS,PYCHEL,IP
Mill Creek,2019-01-01,0,MBNMS,PYCHEL,IP
Piedras Blancas,2017-01-01,0,MBNMS,PYCHEL,IP
Point Lobos,2017-01-01,0,MBNMS,PYCHEL,IP
Point Lobos,2018-01-01,0,MBNMS,PYCHEL,IP
Point Lobos,2019-01-01,0,MBNMS,PYCHEL,IP
Point Pinos,2011-01-01,3,MBNMS,PYCHEL,IP
Point Pinos,2017-01-01,0,MBNMS,PYCHEL,IP
Point Sierra Nevada,1995-01-01,0,MBNMS,PYCHEL,IP
Point Sierra Nevada,1996-01-01,0,MBNMS,PYCHEL,IP
Point Sierra Nevada,1997-01-01,0,MBNMS,PYCHEL,IP
Point Sierra Nevada,1998-01-01,0,MBNMS,PYCHEL,IP
Point Sierra Nevada,1999-01-01,0,MBNMS,PYCHEL,IP
Point Sierra Nevada,2000-01-01,0,MBNMS,PYCHEL,IP
Point Sierra Nevada,2001-01-01,0,MBNMS,PYCHEL,IP
Point Sierra Nevada,2002-01-01,0,MBNMS,PYCHEL,IP
Point Sierra Nevada,2003-01-01,0,MBNMS,PYCHEL,IP
Point Sierra Nevada,2017-01-01,0,MBNMS,PYCHEL,IP
Point Sierra Nevada,2018-01-01,0,MBNMS,PYCHEL,IP
Scott Creek,2017-01-01,0,MBNMS,PYCHEL,IP
Scott Creek,2018-01-01,0,MBNMS,PYCHEL,IP
Scott Creek,2019-01-01,0,MBNMS,PYCHEL,IP
Stillwater,2013-01-01,1,MBNMS,PYCHEL,IP
Stillwater,2017-01-01,0,MBNMS,PYCHEL,IP
Stillwater,2018-01-01,0,MBNMS,PYCHEL,IP
Stillwater,2019-01-01,0,MBNMS,PYCHEL,IP
Terrace Point,2017-01-01,0,MBNMS,PYCHEL,IP
Terrace Point,2018-01-01,0,MBNMS,PYCHEL,IP
Terrace Point,2019-01-01,0,MBNMS,PYCHEL,IP
Vista del Mar,2007-01-01,1,MBNMS,PYCHEL,IP
MBNMS,1995-06-15,0,MBNMS,PYCHEL,IP
MBNMS,1996-06-15,0,MBNMS,PYCHEL,IP
MBNMS,1997-06-15,0,MBNMS,PYCHEL,IP
MBNMS,1998-06-15,0,MBNMS,PYCHEL,IP
MBNMS,1999-06-15,0,MBNMS,PYCHEL,IP
MBNMS,2000-06-15,0,MBNMS,PYCHEL,IP
MBNMS,2001-06-15,0,MBNMS,PYCHEL,IP
MBNMS,2002-06-15,0,MBNMS,PYCHEL,IP
MBNMS,2003-06-15,0,MBNMS,PYCHEL,IP
MBNMS,2005-06-15,1,MBNMS,PYCHEL,IP
MBNMS,2006-06-15,1,MBNMS,PYCHEL,IP
MBNMS,2007-06-15,1,MBNMS,PYCHEL,IP
MBNMS,2008-06-15,1,MBNMS,PYCHEL,IP
MBNMS,2011-06-15,2.5,MBNMS,PYCHEL,IP
MBNMS,2013-06-15,1,MBNMS,PYCHEL,IP
MBNMS,2017-06-15,0,MBNMS,PYCHEL,IP
MBNMS,2018-06-15,0,MBNMS,PYCHEL,IP
MBNMS,2019-06-15,0,MBNMS,PYCHEL,IP
Slide Ranch,1990-01-01,43,MBNMS,UNIDEN,BT
MBNMS,1990-06-15,43,MBNMS,UNIDEN,BT
Kydikabbit Point,2013-01-01,5,OCNMS,EVATRO,IP
Kydikabbit Point,2017-01-01,0,OCNMS,EVATRO,IP
Kydikabbit Point,2018-01-01,0,OCNMS,EVATRO,IP
Kydikabbit Point,2019-01-01,0,OCNMS,EVATRO,IP
Point Grenville,2017-01-01,0,OCNMS,EVATRO,IP
Point Grenville,2018-01-01,0,OCNMS,EVATRO,IP
Point Grenville,2019-01-01,0,OCNMS,EVATRO,IP
OCNMS,2013-06-15,5,OCNMS,EVATRO,IP
OCNMS,2017-06-15,0,OCNMS,EVATRO,IP
OCNMS,2018-06-15,0,OCNMS,EVATRO,IP
OCNMS,2019-06-15,0,OCNMS,EVATRO,IP
Kydikabbit Point,2010-01-01,5,OCNMS,HENSPP,IP
Kydikabbit Point,2011-01-01,1,OCNMS,HENSPP,IP
Kydikabbit Point,2012-01-01,2,OCNMS,HENSPP,IP
Kydikabbit Point,2013-01-01,2,OCNMS,HENSPP,IP
Kydikabbit Point,2014-01-01,1,OCNMS,HENSPP,IP
Kydikabbit Point,2016-01-01,2,OCNMS,HENSPP,IP
Kydikabbit Point,2017-01-01,0,OCNMS,HENSPP,IP
Kydikabbit Point,2018-01-01,1,OCNMS,HENSPP,IP
Kydikabbit Point,2019-01-01,8,OCNMS,HENSPP,IP
Point Grenville,2017-01-01,0,OCNMS,HENSPP,IP
Point Grenville,2018-01-01,0,OCNMS,HENSPP,IP
Point Grenville,2019-01-01,0,OCNMS,HENSPP,IP
Point of the Arches,2013-01-01,2,OCNMS,HENSPP,IP
Sokol Point; Chilean Memorial,2009-01-01,2,OCNMS,HENSPP,IP
Sokol Point; Chilean Memorial,2010-01-01,3,OCNMS,HENSPP,IP
Sokol Point; Chilean Memorial,2011-01-01,6,OCNMS,HENSPP,IP
Sokol Point; Chilean Memorial,2012-01-01,17,OCNMS,HENSPP,IP
Sokol Point; Chilean Memorial,2013-01-01,2,OCNMS,HENSPP,IP
Sokol Point; Chilean Memorial,2014-01-01,10,OCNMS,HENSPP,IP
Sokol Point; Chilean Memorial,2015-01-01,26,OCNMS,HENSPP,IP
Sokol Point; Chilean Memorial,2016-01-01,15,OCNMS,HENSPP,IP
Sokol Point; Chilean Memorial,2017-01-01,9,OCNMS,HENSPP,IP
Sokol Point; Chilean Memorial,2018-01-01,1,OCNMS,HENSPP,IP
Taylor Point,2014-01-01,1,OCNMS,HENSPP,IP
OCNMS,2009-06-15,2,OCNMS,HENSPP,IP
OCNMS,2010-06-15,4,OCNMS,HENSPP,IP
OCNMS,2011-06-15,3.5,OCNMS,HENSPP,IP
OCNMS,2012-06-15,9.5,OCNMS,HENSPP,IP
OCNMS,2013-06-15,2,OCNMS,HENSPP,IP
OCNMS,2014-06-15,4,OCNMS,HENSPP,IP
OCNMS,2015-06-15,26,OCNMS,HENSPP,IP
OCNMS,2016-06-15,8.5,OCNMS,HENSPP,IP
OCNMS,2017-06-15,3,OCNMS,HENSPP,IP
OCNMS,2018-06-15,0.6666666666666666,OCNMS,HENSPP,IP
OCNMS,2019-06-15,4,OCNMS,HENSPP,IP
Kydikabbit Point,2010-01-01,59,OCNMS,KATTUN,IP
Kydikabbit Point,2011-01-01,42,OCNMS,KATTUN,IP
Kydikabbit Point,2012-01-01,52,OCNMS,KATTUN,IP
Kydikabbit Point,2013-01-01,75,OCNMS,KATTUN,IP
Kydikabbit Point,2014-01-01,35,OCNMS,KATTUN,IP
Kydikabbit Point,2016-01-01,37,OCNMS,KATTUN,IP
Kydikabbit Point,2017-01-01,33,OCNMS,KATTUN,IP
Kydikabbit Point,2018-01-01,39,OCNMS,KATTUN,IP
Kydikabbit Point,2019-01-01,41,OCNMS,KATTUN,IP
Point Grenville,2010-01-01,1,OCNMS,KATTUN,IP
Point Grenville,2011-01-01,0,OCNMS,KATTUN,IP
Point Grenville,2012-01-01,1,OCNMS,KATTUN,IP
Point Grenville,2013-01-01,2,OCNMS,KATTUN,IP
Point Grenville,2014-01-01,1,OCNMS,KATTUN,IP
Point Grenville,2015-01-01,2,OCNMS,KATTUN,IP
Point Grenville,2016-01-01,0,OCNMS,KATTUN,IP
Point Grenville,2017-01-01,0,OCNMS,KATTUN,IP
Point Grenville,2018-01-01,1,OCNMS,KATTUN,IP
Point Grenville,2019-01-01,0,OCNMS,KATTUN,IP
Point of the Arches,2010-01-01,36,OCNMS,KATTUN,IP
Point of the Arches,2011-01-01,43,OCNMS,KATTUN,IP
Point of the Arches,2012-01-01,49,OCNMS,KATTUN,IP
Point of the Arches,2013-01-01,83,OCNMS,KATTUN,IP
Point of the Arches,2014-01-01,50,OCNMS,KATTUN,IP
Point of the Arches,2015-01-01,105,OCNMS,KATTUN,IP
Point of the Arches,2016-01-01,139,OCNMS,KATTUN,IP
Point of the Arches,2017-01-01,109,OCNMS,KATTUN,IP
Point of the Arches,2018-01-01,55,OCNMS,KATTUN,IP
Sokol Point; Chilean Memorial,2009-01-01,158,OCNMS,KATTUN,IP
Sokol Point; Chilean Memorial,2010-01-01,291,OCNMS,KATTUN,IP
Sokol Point; Chilean Memorial,2011-01-01,420,OCNMS,KATTUN,IP
Sokol Point; Chilean Memorial,2012-01-01,231,OCNMS,KATTUN,IP
Sokol Point; Chilean Memorial,2013-01-01,263,OCNMS,KATTUN,IP
Sokol Point; Chilean Memorial,2014-01-01,394,OCNMS,KATTUN,IP
Sokol Point; Chilean Memorial,2015-01-01,410,OCNMS,KATTUN,IP
Sokol Point; Chilean Memorial,2016-01-01,539,OCNMS,KATTUN,IP
Sokol Point; Chilean Memorial,2017-01-01,302,OCNMS,KATTUN,IP
Sokol Point; Chilean Memorial,2018-01-01,201,OCNMS,KATTUN,IP
Starfish Point,2009-01-01,11,OCNMS,KATTUN,IP
Starfish Point,2010-01-01,1,OCNMS,KATTUN,IP
Starfish Point,2011-01-01,148,OCNMS,KATTUN,IP
Taylor Point,2009-01-01,0,OCNMS,KATTUN,IP
Taylor Point,2010-01-01,4,OCNMS,KATTUN,IP
Taylor Point,2011-01-01,16,OCNMS,KATTUN,IP
Taylor Point,2012-01-01,5,OCNMS,KATTUN,IP
Taylor Point,2013-01-01,14,OCNMS,KATTUN,IP
Taylor Point,2014-01-01,10,OCNMS,KATTUN,IP
Taylor Point,2015-01-01,7,OCNMS,KATTUN,IP
Taylor Point,2016-01-01,12,OCNMS,KATTUN,IP
Taylor Point,2017-01-01,8,OCNMS,KATTUN,IP
Taylor Point,2018-01-01,5,OCNMS,KATTUN,IP
OCNMS,2009-06-15,56.333333333333336,OCNMS,KATTUN,IP
OCNMS,2010-06-15,65.33333333333333,OCNMS,KATTUN,IP
OCNMS,2011-06-15,111.5,OCNMS,KATTUN,IP
OCNMS,2012-06-15,67.6,OCNMS,KATTUN,IP
OCNMS,2013-06-15,87.4,OCNMS,KATTUN,IP
OCNMS,2014-06-15,98,OCNMS,KATTUN,IP
OCNMS,2015-06-15,131,OCNMS,KATTUN,IP
OCNMS,2016-06-15,145.4,OCNMS,KATTUN,IP
OCNMS,2017-06-15,90.4,OCNMS,KATTUN,IP
OCNMS,2018-06-15,60.2,OCNMS,KATTUN,IP
OCNMS,2019-06-15,20.5,OCNMS,KATTUN,IP
Kydikabbit Point,2010-01-01,16,OCNMS,LEPTAS,IP
Kydikabbit Point,2011-01-01,11,OCNMS,LEPTAS,IP
Kydikabbit Point,2012-01-01,4,OCNMS,LEPTAS,IP
Kydikabbit Point,2013-01-01,16,OCNMS,LEPTAS,IP
Kydikabbit Point,2014-01-01,2,OCNMS,LEPTAS,IP
Kydikabbit Point,2016-01-01,3,OCNMS,LEPTAS,IP
Kydikabbit Point,2017-01-01,24,OCNMS,LEPTAS,IP
Kydikabbit Point,2018-01-01,18,OCNMS,LEPTAS,IP
Kydikabbit Point,2019-01-01,30,OCNMS,LEPTAS,IP
Point Grenville,2016-01-01,1,OCNMS,LEPTAS,IP
Point Grenville,2017-01-01,1,OCNMS,LEPTAS,IP
Point Grenville,2018-01-01,4,OCNMS,LEPTAS,IP
Point Grenville,2019-01-01,2,OCNMS,LEPTAS,IP
Point of the Arches,2010-01-01,2,OCNMS,LEPTAS,IP
Point of the Arches,2012-01-01,1,OCNMS,LEPTAS,IP
Point of the Arches,2013-01-01,19,OCNMS,LEPTAS,IP
Point of the Arches,2015-01-01,44,OCNMS,LEPTAS,IP
Point of the Arches,2016-01-01,9,OCNMS,LEPTAS,IP
Point of the Arches,2017-01-01,2,OCNMS,LEPTAS,IP
Point of the Arches,2018-01-01,4,OCNMS,LEPTAS,IP
Sokol Point; Chilean Memorial,2010-01-01,30,OCNMS,LEPTAS,IP
Sokol Point; Chilean Memorial,2011-01-01,54,OCNMS,LEPTAS,IP
Sokol Point; Chilean Memorial,2012-01-01,56,OCNMS,LEPTAS,IP
Sokol Point; Chilean Memorial,2013-01-01,75,OCNMS,LEPTAS,IP
Sokol Point; Chilean Memorial,2014-01-01,202,OCNMS,LEPTAS,IP
Sokol Point; Chilean Memorial,2015-01-01,473,OCNMS,LEPTAS,IP
Sokol Point; Chilean Memorial,2016-01-01,526,OCNMS,LEPTAS,IP
Sokol Point; Chilean Memorial,2017-01-01,376,OCNMS,LEPTAS,IP
Sokol Point; Chilean Memorial,2018-01-01,374,OCNMS,LEPTAS,IP
Starfish Point,2011-01-01,2,OCNMS,LEPTAS,IP
Starfish Point,2013-01-01,27,OCNMS,LEPTAS,IP
Starfish Point,2014-01-01,188,OCNMS,LEPTAS,IP
Starfish Point,2015-01-01,6,OCNMS,LEPTAS,IP
Starfish Point,2016-01-01,1,OCNMS,LEPTAS,IP
Starfish Point,2017-01-01,6,OCNMS,LEPTAS,IP
Starfish Point,2018-01-01,13,OCNMS,LEPTAS,IP
Taylor Point,2011-01-01,1,OCNMS,LEPTAS,IP
Taylor Point,2016-01-01,11,OCNMS,LEPTAS,IP
OCNMS,2010-06-15,16,OCNMS,LEPTAS,IP
OCNMS,2011-06-15,17,OCNMS,LEPTAS,IP
OCNMS,2012-06-15,20.333333333333332,OCNMS,LEPTAS,IP
OCNMS,2013-06-15,34.25,OCNMS,LEPTAS,IP
OCNMS,2014-06-15,130.66666666666666,OCNMS,LEPTAS,IP
OCNMS,2015-06-15,174.33333333333334,OCNMS,LEPTAS,IP
OCNMS,2016-06-15,91.83333333333333,OCNMS,LEPTAS,IP
OCNMS,2017-06-15,81.8,OCNMS,LEPTAS,IP
OCNMS,2018-06-15,82.6,OCNMS,LEPTAS,IP
OCNMS,2019-06-15,16,OCNMS,LEPTAS,IP
Kydikabbit Point,2008-01-01,27,OCNMS,PISOCH,IP
Kydikabbit Point,2009-01-01,12,OCNMS,PISOCH,IP
Kydikabbit Point,2010-01-01,14,OCNMS,PISOCH,IP
Kydikabbit Point,2011-01-01,11,OCNMS,PISOCH,IP
Kydikabbit Point,2012-01-01,10,OCNMS,PISOCH,IP
Kydikabbit Point,2013-01-01,4,OCNMS,PISOCH,IP
Kydikabbit Point,2014-01-01,7,OCNMS,PISOCH,IP
Kydikabbit Point,2016-01-01,1,OCNMS,PISOCH,IP
Kydikabbit Point,2017-01-01,0,OCNMS,PISOCH,IP
Kydikabbit Point,2018-01-01,0,OCNMS,PISOCH,IP
Kydikabbit Point,2019-01-01,2,OCNMS,PISOCH,IP
Point Grenville,2008-01-01,360,OCNMS,PISOCH,IP
Point Grenville,2010-01-01,342,OCNMS,PISOCH,IP
Point Grenville,2011-01-01,318,OCNMS,PISOCH,IP
Point Grenville,2012-01-01,356,OCNMS,PISOCH,IP
Point Grenville,2013-01-01,461,OCNMS,PISOCH,IP
Point Grenville,2014-01-01,262,OCNMS,PISOCH,IP
Point Grenville,2015-01-01,30,OCNMS,PISOCH,IP
Point Grenville,2016-01-01,31,OCNMS,PISOCH,IP
Point Grenville,2017-01-01,77,OCNMS,PISOCH,IP
Point Grenville,2018-01-01,110,OCNMS,PISOCH,IP
Point Grenville,2019-01-01,91,OCNMS,PISOCH,IP
Point of the Arches,2009-01-01,294,OCNMS,PISOCH,IP
Point of the Arches,2010-01-01,199,OCNMS,PISOCH,IP
Point of the Arches,2011-01-01,158,OCNMS,PISOCH,IP
Point of the Arches,2012-01-01,147,OCNMS,PISOCH,IP
Point of the Arches,2013-01-01,158,OCNMS,PISOCH,IP
Point of the Arches,2014-01-01,141,OCNMS,PISOCH,IP
Point of the Arches,2015-01-01,96,OCNMS,PISOCH,IP
Point of the Arches,2016-01-01,94,OCNMS,PISOCH,IP
Point of the Arches,2017-01-01,149,OCNMS,PISOCH,IP
Point of the Arches,2018-01-01,98,OCNMS,PISOCH,IP
Sokol Point; Chilean Memorial,2009-01-01,150,OCNMS,PISOCH,IP
Sokol Point; Chilean Memorial,2010-01-01,154,OCNMS,PISOCH,IP
Sokol Point; Chilean Memorial,2011-01-01,135,OCNMS,PISOCH,IP
Sokol Point; Chilean Memorial,2012-01-01,109,OCNMS,PISOCH,IP
Sokol Point; Chilean Memorial,2013-01-01,111,OCNMS,PISOCH,IP
Sokol Point; Chilean Memorial,2014-01-01,81,OCNMS,PISOCH,IP
Sokol Point; Chilean Memorial,2015-01-01,28,OCNMS,PISOCH,IP
Sokol Point; Chilean Memorial,2016-01-01,60,OCNMS,PISOCH,IP
Sokol Point; Chilean Memorial,2017-01-01,44,OCNMS,PISOCH,IP
Sokol Point; Chilean Memorial,2018-01-01,112,OCNMS,PISOCH,IP
Starfish Point,2009-01-01,439,OCNMS,PISOCH,IP
Starfish Point,2010-01-01,219,OCNMS,PISOCH,IP
Starfish Point,2011-01-01,327,OCNMS,PISOCH,IP
Starfish Point,2012-01-01,229,OCNMS,PISOCH,IP
Starfish Point,2013-01-01,148,OCNMS,PISOCH,IP
Starfish Point,2014-01-01,120,OCNMS,PISOCH,IP
Starfish Point,2015-01-01,165,OCNMS,PISOCH,IP
Starfish Point,2016-01-01,69,OCNMS,PISOCH,IP
Starfish Point,2017-01-01,50,OCNMS,PISOCH,IP
Starfish Point,2018-01-01,97,OCNMS,PISOCH,IP
Taylor Point,2009-01-01,303,OCNMS,PISOCH,IP
Taylor Point,2010-01-01,599,OCNMS,PISOCH,IP
Taylor Point,2011-01-01,606,OCNMS,PISOCH,IP
Taylor Point,2012-01-01,505,OCNMS,PISOCH,IP
Taylor Point,2013-01-01,643,OCNMS,PISOCH,IP
Taylor Point,2014-01-01,393,OCNMS,PISOCH,IP
Taylor Point,2015-01-01,109,OCNMS,PISOCH,IP
Taylor Point,2016-01-01,124,OCNMS,PISOCH,IP
Taylor Point,2017-01-01,195,OCNMS,PISOCH,IP
Taylor Point,2018-01-01,130,OCNMS,PISOCH,IP
OCNMS,2008-06-15,193.5,OCNMS,PISOCH,IP
OCNMS,2009-06-15,239.6,OCNMS,PISOCH,IP
OCNMS,2010-06-15,254.5,OCNMS,PISOCH,IP
OCNMS,2011-06-15,259.1666666666667,OCNMS,PISOCH,IP
OCNMS,2012-06-15,226,OCNMS,PISOCH,IP
OCNMS,2013-06-15,254.16666666666666,OCNMS,PISOCH,IP
OCNMS,2014-06-15,167.33333333333334,OCNMS,PISOCH,IP
OCNMS,2015-06-15,85.6,OCNMS,PISOCH,IP
OCNMS,2016-06-15,63.166666666666664,OCNMS,PISOCH,IP
OCNMS,2017-06-15,85.83333333333333,OCNMS,PISOCH,IP
OCNMS,2018-06-15,91.16666666666667,OCNMS,PISOCH,IP
OCNMS,2019-06-15,46.5,OCNMS,PISOCH,IP
Kydikabbit Point,2017-01-01,0,OCNMS,PYCHEL,IP
Kydikabbit Point,2018-01-01,0,OCNMS,PYCHEL,IP
Kydikabbit Point,2019-01-01,0,OCNMS,PYCHEL,IP
Point Grenville,2017-01-01,0,OCNMS,PYCHEL,IP
Point Grenville,2018-01-01,0,OCNMS,PYCHEL,IP
Point Grenville,2019-01-01,0,OCNMS,PYCHEL,IP
Taylor Point,2010-01-01,1,OCNMS,PYCHEL,IP
OCNMS,2010-06-15,1,OCNMS,PYCHEL,IP
OCNMS,2017-06-15,0,OCNMS,PYCHEL,IP
OCNMS,2018-06-15,0,OCNMS,PYCHEL,IP
OCNMS,2019-06-15,0,OCNMS,PYCHEL,IP
